account,buyrambytes,delegatebw,gamebettoken_GBT,owner_,eosio.token_BOS,eosjackscoin_JKR,onebosonebos_ONE,bosdicetokem_BOSDICE,transfer,updateauth,wfdqccpfoplr_DHB,bosmixsystem_MIX,newaccount,bosdicetokem_BOCAI,buyram,active_owner,sellram
1daoshandian,0,0,0.0,1,0.0211,0.0,250.0,50.0,1,1,108.0,0.0,0,0.0,0,1,0
1eostheworld,0,0,0.0,1,0.0231,0.0,250.0,50.0604,1,1,126.0,0.0,0,0.0,0,1,0
1steconomist,0,0,301.0,1,0.0411,0.0,415.0,0.0,1,1,90.0,0.0,0,0.0,0,1,0
21centuryeos,0,0,0.0,1,0.0106,0.0,250.0,25.0,1,1,108.0,0.0,0,0.0,0,1,0
2ndeoswallet,0,0,0.0,1,0.0,0.0,415.0,0.0,1,1,90.0,0.0,0,0.0,0,1,0
3rdboswallet,0,0,0.0,1,0.0,0.0,420.0,0.0,0,1,90.0,0.0,0,0.0,0,1,0
3rdeoswallet,0,0,0.0,1,1.1062,0.0,425.0,0.0,0,1,72.0,0.0,0,0.0,0,1,0
4thboswallet,0,0,0.0,1,0.0475,0.0,460.0,0.0,0,1,90.0,0.0,0,0.0,0,1,0
4theoswallet,0,0,0.0,1,0.0464,0.0,440.0,0.0,0,1,90.0,0.0,0,0.0,0,1,0
5thboswallet,0,0,0.0,1,0.0464,0.0,405.0,0.0,0,1,90.0,0.0,0,0.0,0,1,0
a4paperwaist,0,0,0.0,1,0.206,0.0,250.0,50.0479,1,1,126.0,0.0,0,0.0,0,1,0
aaaaaahhhhhh,0,0,0.0,1,0.0016,0.0,250.0,50.0295,1,1,126.0,0.0,0,0.0,0,1,0
aaaaggggeeee,0,0,0.0,1,0.0348,0.0,415.0,0.0,0,1,54.0,0.0,0,0.0,0,1,0
aaaaiiiirrrr,0,0,0.0,1,0.0338,0.0,460.0,0.0,0,1,54.0,0.0,0,0.0,0,1,0
ableableable,0,0,0.0,1,0.0211,0.0,250.0,25.0,1,1,108.0,0.0,0,0.0,0,1,0
actionsspeak,0,0,0.0,1,0.0211,0.0,250.0,25.0,1,1,108.0,0.0,0,0.0,0,1,0
adrewjackson,0,0,1.0,1,0.0,0.0,455.0,0.0,1,1,90.0,0.0,0,0.0,0,1,0
adwhkxtpzaiz,0,0,0.0,1,402.1797,0.0,0.0,0.0,1,1,0.0,0.0,0,1000.0971,0,1,0
againstchina,0,0,0.0,1,0.0216,0.0,200.0,50.0254,1,1,126.0,0.0,0,0.0,0,1,0
againstindia,0,0,0.0,1,0.0222,0.0,250.0,50.0148,1,1,126.0,0.0,0,0.0,0,1,0
againstjapan,0,0,0.0,1,0.0,0.0,250.0,25.0,1,1,108.0,0.0,0,0.0,0,1,0
againstkorea,0,0,0.0,1,0.0221,0.0,250.0,50.0712,1,1,126.0,0.0,0,0.0,0,1,0
ahhhhhhhhhhh,0,0,0.0,1,0.0216,0.0,250.0,50.0252,1,1,126.0,0.0,0,0.0,0,1,0
airforcehero,0,0,0.0,1,0.0211,0.0,250.0,25.0,1,1,108.0,0.0,0,0.0,0,1,0
airmanjordan,0,0,0.0,1,0.0211,0.0,250.0,25.0,1,1,108.0,0.0,0,0.0,0,1,0
aisihangzhou,0,0,0.0,1,0.0211,0.0,200.0,25.0,1,1,108.0,0.0,0,0.0,0,1,0
alcoholkills,0,0,0.0,1,0.0211,0.0,250.0,25.0,1,1,108.0,0.0,0,0.0,0,1,0
alexlqkeowqa,0,0,0.0,1,162.1959,0.0,0.0,50.0,1,1,0.0,0.0,0,50.0,0,1,0
alhxnhjcdzmu,0,0,0.0,1,125.3828,0.0,0.0,50.0,1,1,0.0,0.0,0,75.0,0,1,0
alibabastore,0,0,0.0,1,0.2109,0.0,200.0,50.0846,1,1,126.0,0.0,0,0.0,0,1,0
alloveragain,0,0,1.0,1,0.426,0.0,470.0,0.0,1,1,90.0,0.0,0,0.0,0,1,0
allshallwell,0,0,0.0,1,0.0106,0.0,250.0,25.0,1,1,108.0,0.0,0,0.0,0,1,0
allyourheart,0,0,0.0,1,0.2055,0.0,250.0,25.0,1,1,108.0,0.0,0,0.0,0,1,0
almightydpos,0,0,101.0,1,0.0,0.0,430.0,0.0,1,1,90.0,0.0,0,0.0,0,1,0
amauctioneer,0,0,0.0,1,0.0,0.0,385.0,0.0,1,1,72.0,0.0,0,0.0,0,1,0
americanshow,0,0,0.0,1,0.0211,0.0,250.0,50.0007,1,1,126.0,0.0,0,0.0,0,1,0
anchoringbtc,0,0,0.0,1,0.0211,0.0,250.0,25.0,1,1,108.0,0.0,0,0.0,0,1,0
anchoringcny,0,0,0.0,1,0.0211,0.0,200.0,25.0,1,1,108.0,0.0,0,0.0,0,1,0
anchoringeos,0,0,0.0,1,0.0211,0.0,250.0,25.0,1,1,108.0,0.0,0,0.0,0,1,0
anchoringeth,0,0,0.0,1,0.0211,0.0,250.0,25.0,1,1,108.0,0.0,0,0.0,0,1,0
anchoringusd,0,0,0.0,1,0.0211,0.0,250.0,25.0,1,1,108.0,0.0,0,0.0,0,1,0
antfinmarket,0,0,0.0,1,0.0211,0.0,250.0,25.0,1,1,108.0,0.0,0,0.0,0,1,0
antsidechain,0,0,0.0,1,0.0211,0.0,250.0,25.0,1,1,108.0,0.0,0,0.0,0,1,0
aotgnmlzeitf,0,0,0.0,1,179.8184,0.0,0.0,50.0,1,1,0.0,0.0,0,50.0,0,1,0
apachewallet,0,0,0.0,1,0.0,0.0,460.0,0.0,1,1,90.0,0.0,0,0.0,0,1,0
applebackend,0,0,0.0,1,0.0122,0.0,250.0,50.0205,1,1,126.0,0.0,0,0.0,0,1,0
artificially,0,0,0.0,1,0.0475,0.0,415.0,0.0,0,1,90.0,0.0,0,0.0,0,1,0
artistwallet,0,0,0.0,1,0.1771,0.0,250.0,25.0,1,1,108.0,0.0,0,0.0,0,1,0
asdfasdfasdf,0,0,0.0,1,0.0464,0.0,440.0,0.0,0,1,90.0,0.0,0,0.0,0,1,0
atlasquantum,0,0,0.0,1,0.0211,0.0,250.0,25.0,1,1,108.0,0.0,0,0.0,0,1,0
autumnwallet,0,0,51.0,1,0.0,0.0,425.0,0.0,1,1,90.0,0.0,0,0.0,0,1,0
awhwljzjqgmb,0,0,0.0,1,181.8741,0.0,0.0,50.0,1,1,0.0,0.0,0,50.0,0,1,0
babybabybaby,0,0,0.0,1,0.0211,0.0,250.0,25.0,1,1,108.0,0.0,0,0.0,0,1,0
babyverygood,0,0,0.0,1,0.0231,0.0,250.0,50.0647,1,1,126.0,0.0,0,0.0,0,1,0
backupwallet,0,0,0.0,1,0.0211,0.0,200.0,25.0,1,1,108.0,0.0,0,0.0,0,1,0
balancechain,0,0,0.0,1,0.0211,0.0,250.0,50.0793,1,1,126.0,0.0,0,0.0,0,1,0
banlancelife,0,0,0.0,1,0.1913,0.0,250.0,25.0,1,1,108.0,0.0,0,0.0,0,1,0
baobeikuaile,0,0,0.0,1,0.0211,0.0,250.0,25.0,1,1,108.0,0.0,0,0.0,0,1,0
baoxianlipei,0,0,0.0,1,0.0219,0.0,250.0,0.0,0,1,108.0,0.0,0,0.0,0,1,0
baozoumanhua,0,0,0.0,1,0.0106,0.0,250.0,25.0,1,1,108.0,0.0,0,0.0,0,1,0
basebasebase,0,0,0.0,1,0.0211,0.0,200.0,25.0,1,1,108.0,0.0,0,0.0,0,1,0
bathedinblue,0,0,0.0,1,0.0106,0.0,250.0,25.0,1,1,108.0,0.0,0,0.0,0,1,0
battlecastle,0,0,0.0,1,0.0213,0.0,250.0,0.0,0,1,108.0,0.0,0,0.0,0,1,0
bbbbaaaarrrr,0,0,0.0,1,0.0475,0.0,460.0,0.0,0,1,54.0,0.0,0,0.0,0,1,0
bbbbaaaayyyy,0,0,0.0,1,0.0348,0.0,430.0,0.0,0,1,54.0,0.0,0,0.0,0,1,0
bbbbeeeegggg,0,0,0.0,1,0.0,0.0,370.0,0.0,0,1,54.0,0.0,0,0.0,0,1,0
bbbbiiiitttt,0,0,0.0,1,0.038,0.0,425.0,0.0,0,1,54.0,0.0,0,0.0,0,1,0
bbbbiiiizzzz,0,0,0.0,1,0.4277,0.0,415.0,0.0,0,1,54.0,0.0,0,0.0,0,1,0
bbbbuuuussss,0,0,0.0,1,0.0,0.0,450.0,0.0,1,1,54.0,0.0,0,0.0,0,1,0
bbbbuuuutttt,0,0,0.0,1,0.0464,0.0,405.0,0.0,0,1,54.0,0.0,0,0.0,0,1,0
bbbbyyyyeeee,0,0,0.0,1,0.0454,0.0,440.0,0.0,0,1,54.0,0.0,0,0.0,0,1,0
bdgyohesuoej,0,0,0.0,1,196.1856,0.0,0.0,50.0,1,1,0.0,0.0,0,25.0,0,1,0
beautifulbos,0,0,0.0,1,0.0213,0.0,250.0,50.0748,1,1,126.0,0.0,0,0.0,0,1,0
believeinbos,0,0,1.0,1,0.0454,0.0,420.0,0.0,1,1,90.0,0.0,0,0.0,0,1,0
believeineos,0,0,1.0,1,0.0827,0.0,425.0,0.0,1,1,90.0,0.0,0,0.0,0,1,0
bestbestbest,0,0,0.0,1,0.0211,0.0,200.0,25.0,1,1,108.0,0.0,0,0.0,0,1,0
bettermarket,0,0,0.0,1,0.0211,0.0,200.0,25.0,1,1,108.0,0.0,0,0.0,0,1,0
bezoshodlbos,0,0,2.0,1,0.0527,0.0,440.0,0.0,1,1,90.0,0.0,0,0.0,0,1,0
bezoshodleos,0,0,1.0,1,0.0985,0.0,370.0,0.0,1,1,90.0,0.0,0,0.0,0,1,0
bezosholdbos,0,0,1.0,1,0.4268,0.0,425.0,0.0,1,1,90.0,0.0,0,0.0,0,1,0
bezosholdeos,0,0,1.0,1,0.0527,0.0,460.0,0.0,1,1,90.0,0.0,0,0.0,0,1,0
bezoslovebos,0,0,1.0,1,0.0,0.0,435.0,0.0,1,1,90.0,0.0,0,0.0,0,1,0
bhofaomwhhqh,0,0,0.0,1,16.7899,0.0,0.0,50.0,1,1,0.0,0.0,0,50.0,0,1,0
bigcatcastle,0,0,0.0,1,0.0229,0.0,250.0,50.0976,1,1,126.0,0.0,0,0.0,0,1,0
bigheadaches,0,0,31.0,1,0.0,0.0,385.0,0.0,1,1,90.0,0.0,0,0.0,0,1,0
bigonewallet,0,0,0.0,1,0.0222,0.0,250.0,50.0648,1,1,126.0,0.0,0,0.0,0,1,0
bilingbiling,0,0,0.0,1,0.0219,0.0,250.0,50.0595,1,1,126.0,0.0,0,0.0,0,1,0
billionaire1,0,0,0.0,1,0.0422,0.0,425.0,0.0,0,1,90.0,0.0,0,0.0,0,1,0
billionaire2,0,0,0.0,1,0.0422,0.0,435.0,0.0,0,1,90.0,0.0,0,0.0,0,1,0
billionaire3,0,0,1.0,1,0.0,0.0,475.0,0.0,1,1,90.0,0.0,0,0.0,0,1,0
billionaire4,0,0,1.0,1,0.0516,0.0,460.0,0.0,1,1,90.0,0.0,0,0.0,0,1,0
billionaire5,0,0,0.0,1,0.4342,0.0,420.0,0.0,0,1,90.0,0.0,0,0.0,0,1,0
bitbanktrade,0,0,0.0,1,0.0106,0.0,200.0,25.0,1,1,108.0,0.0,0,0.0,0,1,0
bitcoinpurse,0,0,21.0,1,0.0,0.0,420.0,0.0,1,1,90.0,0.0,0,0.0,0,1,0
bitebishoufu,0,0,0.0,1,0.0211,0.0,250.0,25.0,1,1,108.0,0.0,0,0.0,0,1,0
bitpieeosbtc,0,0,0.0,1,0.0211,0.0,200.0,25.0,1,1,108.0,0.0,0,0.0,0,1,0
bitpieeoseth,0,0,0.0,1,0.0211,0.0,250.0,25.0,1,1,108.0,0.0,0,0.0,0,1,0
bitspacenode,0,0,0.0,1,0.0232,0.0,200.0,75.177,1,1,126.0,0.0,0,0.0,0,1,0
bixutingwode,0,0,0.0,1,0.0211,0.0,250.0,25.0,1,1,108.0,0.0,0,0.0,0,1,0
bjgovernment,0,0,0.0,1,0.0227,0.0,250.0,50.0046,1,1,126.0,0.0,0,0.0,0,1,0
blockatelier,0,0,0.0,1,0.0,0.0,350.0,25.0,1,0,0.0,0.0,0,0.0,0,1,0
bmincredible,0,0,11.0,1,0.0,0.0,460.0,0.0,1,1,90.0,0.0,0,0.0,0,1,0
bmomnipotent,0,0,1.0,1,0.0,0.0,370.0,0.0,1,1,90.0,0.0,0,0.0,0,1,0
borninaugust,0,0,0.0,1,0.2055,0.0,250.0,25.0,1,1,108.0,0.0,0,0.0,0,1,0
bornon111111,0,0,0.0,1,0.0369,0.0,425.0,0.0,0,1,54.0,0.0,0,0.0,0,1,0
bornon121212,0,0,0.0,1,0.0454,0.0,420.0,0.0,0,1,54.0,0.0,0,0.0,0,1,0
borntobefree,0,0,1.0,1,0.0295,0.0,465.0,0.0,1,1,90.0,0.0,0,0.0,0,1,0
borntobehero,0,0,1.0,1,0.0,0.0,425.0,0.0,1,1,90.0,0.0,0,0.0,0,1,0
borntobeking,0,0,1.0,1,0.4121,0.0,425.0,0.0,1,1,90.0,0.0,0,0.0,0,1,0
borntoberich,0,0,1.0,1,0.0274,0.0,435.0,0.0,1,1,90.0,0.0,0,0.0,0,1,0
bosamsterdam,0,0,0.0,1,0.0219,0.0,250.0,50.0199,1,1,126.0,0.0,0,0.0,0,1,0
bosascending,0,0,1.0,1,0.0,0.0,385.0,0.0,1,1,90.0,0.0,0,0.0,0,1,0
bosassistant,0,0,0.0,1,0.0,0.0,250.0,50.0178,1,1,126.0,0.0,0,0.0,0,1,0
bosbalneaire,0,0,0.0,1,0.4323,0.0,405.0,0.0,0,1,90.0,0.0,0,0.0,0,1,0
bosbeamazing,0,0,1.0,1,0.0,0.0,420.0,0.0,1,1,90.0,0.0,0,0.0,0,1,0
bosbrazilian,0,0,1.0,1,0.0,0.0,470.0,0.0,1,1,90.0,0.0,0,0.0,0,1,0
bosbuybuybuy,0,0,0.0,1,0.0,0.0,250.0,50.0015,1,1,126.0,0.0,0,0.0,0,1,0
boscandyone1,0,0,0.0,1,0.2111,0.0,200.0,50.0617,1,1,126.0,0.0,0,0.0,0,1,0
boschaintech,0,0,0.0,1,0.0219,0.0,250.0,50.0421,1,1,108.0,0.0,0,0.0,0,1,0
boscleanerbp,0,0,0.0,1,0.0215,0.0,200.0,25.0484,1,1,126.0,0.0,0,0.0,0,1,0
boscybexiobp,0,0,0.0,1,0.0222,0.0,250.0,50.0491,1,1,108.0,0.0,0,0.0,0,1,0
bosdappgroup,0,0,0.0,1,0.0116,0.0,250.0,50.0294,1,1,126.0,0.0,0,0.0,0,1,0
bosdetective,0,0,1.0,1,0.0464,0.0,405.0,0.0,1,1,90.0,0.0,0,0.0,0,1,0
bosdontpanic,0,0,1.0,1,0.0,0.0,415.0,0.0,1,1,72.0,0.0,0,0.0,0,1,0
bosdublinwow,0,0,0.0,1,0.0211,0.0,250.0,50.0292,1,1,90.0,0.0,0,0.0,0,1,0
bosfiatmoney,0,0,1.0,1,0.0,0.0,460.0,0.0,1,1,54.0,0.0,0,0.0,0,1,0
bosflareiobp,0,0,0.0,1,0.0114,0.0,250.0,50.0571,1,1,126.0,0.0,0,0.0,0,1,0
bosfukediguo,0,0,0.0,1,0.0454,0.0,450.0,0.0,0,1,90.0,0.0,0,0.0,0,1,0
bosgamestore,0,0,0.0,1,0.0213,0.0,250.0,50.0991,1,1,126.0,0.0,0,0.0,0,1,0
bosgoodworld,0,0,0.0,1,0.0225,0.0,250.0,50.0988,1,1,126.0,0.0,0,0.0,0,1,0
boshurricane,0,0,1.0,1,0.0,0.0,415.0,0.0,1,1,90.0,0.0,0,0.0,0,1,0
bosinception,0,0,1.0,1,0.0,0.0,370.0,0.0,1,1,90.0,0.0,0,0.0,0,1,0
bosindemnity,0,0,1.0,1,0.0401,0.0,405.0,0.0,1,1,90.0,0.0,0,0.0,0,1,0
bosingenuity,0,0,1.0,1,0.0,0.0,460.0,0.0,1,1,90.0,0.0,0,0.0,0,1,0
bosiodetroit,0,0,0.0,1,0.0221,0.0,200.0,50.0309,1,1,126.0,0.0,0,0.0,0,1,0
bosisclassic,0,0,0.0,1,0.0485,0.0,415.0,0.0,0,1,90.0,0.0,0,0.0,0,1,0
boskangaroos,0,0,1.0,1,0.0,0.0,415.0,0.0,1,1,90.0,0.0,0,0.0,0,1,0
bosliquidbos,0,0,0.0,1,0.0222,0.0,200.0,50.0881,1,1,126.0,0.0,0,0.0,0,1,0
bosmatrixbos,0,0,0.0,1,0.0222,0.0,250.0,50.0516,1,1,126.0,0.0,0,0.0,0,1,0
bosmesodotio,0,0,0.0,1,0.0223,0.0,200.0,75.1621,1,1,144.0,0.0,0,0.0,0,1,0
bosmetaliobp,0,0,0.0,1,0.0,0.0,250.0,50.0684,1,1,108.0,0.0,0,0.0,0,1,0
bosminergate,0,0,0.0,1,0.0221,0.0,250.0,50.0126,1,1,126.0,0.0,0,0.0,0,1,0
bosmobilenet,0,0,1.0,1,0.0475,0.0,370.0,0.0,1,1,90.0,0.0,0,0.0,0,1,0
bosmobwallet,0,0,1.0,1,0.0,0.0,425.0,0.0,1,1,72.0,0.0,0,0.0,0,1,0
bosmontblanc,0,0,1.0,1,0.0,0.0,405.0,0.0,1,1,90.0,0.0,0,0.0,0,1,0
bosmoonlight,0,0,0.0,1,0.0229,0.0,250.0,50.0488,1,1,126.0,0.0,0,0.0,0,1,0
bosmotionbos,0,0,0.0,1,0.0215,0.0,200.0,50.0733,1,1,126.0,0.0,0,0.0,0,1,0
bosnairobike,0,0,0.0,1,0.0111,0.0,250.0,50.0047,1,1,126.0,0.0,0,0.0,0,1,0
bosnaogeming,0,0,0.0,1,0.0464,0.0,460.0,0.0,0,1,90.0,0.0,0,0.0,0,1,0
bosnetincome,0,0,0.0,1,0.0,0.0,415.0,0.0,1,1,90.0,0.0,0,0.0,0,1,0
bosnodeonebp,0,0,0.0,1,0.2096,0.0,200.0,50.0897,1,1,126.0,0.0,0,0.0,0,1,0
bosofodyssey,0,0,1.0,1,0.0317,0.0,470.0,0.0,1,1,90.0,0.0,0,0.0,0,1,0
bosonchinese,0,0,0.0,1,0.0219,0.0,200.0,50.0766,1,1,126.0,0.0,0,0.0,0,1,0
bosonobosono,0,0,0.0,1,0.0215,0.0,200.0,50.0502,1,1,108.0,0.0,0,0.0,0,1,0
bososcillate,0,0,1.0,1,0.0496,0.0,405.0,0.0,1,1,90.0,0.0,0,0.0,0,1,0
bospaceiobos,0,0,0.0,1,0.0,0.0,200.0,50.068,1,1,126.0,0.0,0,0.0,0,1,0
bospentagram,0,0,1.0,1,0.0,0.0,450.0,0.0,1,1,90.0,0.0,0,0.0,0,1,0
bosplayworld,0,0,0.0,1,0.0229,0.0,250.0,50.0496,1,1,126.0,0.0,0,0.0,0,1,0
bosprecipice,0,0,1.0,1,0.0,0.0,470.0,0.0,1,1,90.0,0.0,0,0.0,0,1,0
bospremature,0,0,0.0,1,0.0454,0.0,450.0,0.0,1,1,90.0,0.0,0,0.0,0,1,0
bosracketeer,0,0,0.0,1,0.0527,0.0,455.0,0.0,0,1,90.0,0.0,0,0.0,0,1,0
bosrapidprod,0,0,0.0,1,0.0215,0.0,250.0,50.0027,1,1,126.0,0.0,0,0.0,0,1,0
bosrealmagic,0,0,0.0,1,0.9204,0.0,420.0,0.0,1,1,90.0,0.0,0,0.0,0,1,0
bosreservoir,0,0,1.0,1,0.0,0.0,460.0,0.0,1,1,90.0,0.0,0,0.0,0,1,0
bosricardian,0,0,0.0,1,0.038,0.0,460.0,0.0,0,1,90.0,0.0,0,0.0,0,1,0
bosschindler,0,0,0.0,1,0.0485,0.0,370.0,0.0,0,1,90.0,0.0,0,0.0,0,1,0
bosshawshank,0,0,0.0,1,0.0505,0.0,460.0,0.0,0,1,90.0,0.0,0,0.0,0,1,0
bossv12bossv,0,0,0.0,1,0.0227,0.0,200.0,50.0434,1,1,126.0,0.0,0,0.0,0,1,0
bostaipeibos,0,0,0.0,1,0.013,0.0,250.0,75.1283,1,1,144.0,0.0,0,0.0,0,1,0
bosteabostea,0,0,0.0,1,0.2004,0.0,250.0,25.0964,1,1,126.0,0.0,0,0.0,0,1,0
bostotangyan,0,0,1.0,1,0.0454,0.0,405.0,0.0,1,1,90.0,0.0,0,0.0,0,1,0
bosuestciobp,0,0,0.0,1,0.0222,0.0,200.0,50.0625,1,1,126.0,0.0,0,0.0,0,1,0
bosukblocpro,0,0,0.0,1,0.0227,0.0,250.0,50.095,1,1,108.0,0.0,0,0.0,0,1,0
bosunion1111,0,0,0.0,1,0.0,0.0,250.0,50.0397,1,1,126.0,0.0,0,0.0,0,1,0
bosurpriseme,0,0,1.0,1,0.0,0.0,415.0,0.0,1,1,72.0,0.0,0,0.0,0,1,0
bosvancouver,0,0,0.0,1,0.022,0.0,200.0,75.0784,1,1,144.0,0.0,0,0.0,0,1,0
bosvenezuela,0,0,0.0,1,0.0227,0.0,250.0,50.0468,1,1,126.0,0.0,0,0.0,0,1,0
bosvibesbloc,0,0,0.0,1,0.0221,0.0,250.0,50.0966,1,1,126.0,0.0,0,0.0,0,1,0
boswallet2nd,0,0,1.0,1,0.3884,0.0,430.0,0.0,1,1,90.0,0.0,0,0.0,0,1,0
boswallet3rd,0,0,1.0,1,0.0,0.0,415.0,0.0,1,1,72.0,0.0,0,0.0,0,1,0
boswallet4th,0,0,0.0,1,0.0454,0.0,405.0,0.0,0,1,72.0,0.0,0,0.0,0,1,0
boswallet5th,0,0,1.0,1,0.0317,0.0,470.0,0.0,1,1,90.0,0.0,0,0.0,0,1,0
boswenzhoubp,0,0,0.0,1,0.0116,0.0,250.0,50.0413,1,1,108.0,0.0,0,0.0,0,1,0
boswhenlanbo,0,0,1.0,1,0.02,0.0,460.0,0.0,1,1,90.0,0.0,0,0.0,0,1,0
boswinwinwin,0,0,0.0,1,0.0219,0.0,250.0,50.0685,1,1,126.0,0.0,0,0.0,0,1,0
bosyangmao22,1,1,1.0,1,1287.6896,2200.2793,773298.8853,10000.0,1,0,0.0,0.0,1,25.0,1,1,1
braveheroboy,0,0,0.0,1,0.0216,0.0,250.0,50.0199,1,1,126.0,0.0,0,0.0,0,1,0
braverewards,0,0,0.0,1,0.0211,0.0,250.0,50.0774,1,1,126.0,0.0,0,0.0,0,1,0
btcisclassic,0,0,0.0,1,0.0485,0.0,425.0,0.0,0,1,90.0,0.0,0,0.0,0,1,0
bulingbuling,0,0,0.0,1,0.0,0.0,250.0,50.0695,1,1,126.0,0.0,0,0.0,0,1,0
burncalories,0,0,0.0,1,0.0211,0.0,250.0,25.0,1,1,108.0,0.0,0,0.0,0,1,0
burningmodel,0,0,0.0,1,0.0211,0.0,200.0,25.0,1,1,108.0,0.0,0,0.0,0,1,0
business4you,0,0,1.0,1,0.3901,0.0,385.0,0.0,1,1,90.0,0.0,0,0.0,0,1,0
byebyebyebye,0,0,0.0,1,0.0211,0.0,200.0,25.0,1,1,108.0,0.0,0,0.0,0,1,0
bytjzijfhrkx,0,0,0.0,1,111.3377,0.0,0.0,50.0,1,1,0.0,0.0,0,75.0,0,1,0
cancelcancel,0,0,0.0,1,0.0211,0.0,250.0,25.0,1,1,108.0,0.0,0,0.0,0,1,0
cancelwallet,0,0,0.0,1,0.0211,0.0,450.0,25.0,1,1,108.0,0.0,0,0.0,0,1,0
cannoncircle,0,0,0.0,1,0.0,0.0,250.0,25.0,1,1,108.0,0.0,0,0.0,0,1,0
castleknight,0,0,0.0,1,0.0211,0.0,250.0,25.0,1,1,108.0,0.0,0,0.0,0,1,0
ccccaaaannnn,0,0,0.0,1,0.0411,0.0,420.0,0.0,0,1,54.0,0.0,0,0.0,0,1,0
ccccoooossss,0,0,0.0,1,0.0274,0.0,470.0,0.0,0,1,54.0,0.0,0,0.0,0,1,0
ccccuuuutttt,0,0,0.0,1,0.0,0.0,385.0,0.0,1,1,54.0,0.0,0,0.0,0,1,0
cengjingaini,0,0,0.0,1,0.0,0.0,250.0,25.0,1,1,108.0,0.0,0,0.0,0,1,0
changechange,0,0,0.0,1,0.1949,0.0,250.0,25.0,1,1,108.0,0.0,0,0.0,0,1,0
changshagirl,0,0,0.0,1,0.0215,0.0,250.0,50.0095,1,1,126.0,0.0,0,0.0,0,1,0
chequewallet,0,0,1.0,1,0.0,0.0,450.0,0.0,1,1,90.0,0.0,0,0.0,0,1,0
chinaallstar,0,0,0.0,1,0.0211,0.0,250.0,50.0747,1,1,126.0,0.0,0,0.0,0,1,0
chinajoybaby,0,0,0.0,1,0.0211,0.0,250.0,25.0,1,1,108.0,0.0,0,0.0,0,1,0
chinajoygirl,0,0,0.0,1,0.0211,0.0,250.0,50.0682,1,1,126.0,0.0,0,0.0,0,1,0
chinajoyshow,0,0,0.0,1,0.0211,0.0,200.0,25.0,1,1,108.0,0.0,0,0.0,0,1,0
chinawillwin,0,0,0.0,1,0.0211,0.0,250.0,25.0,1,1,90.0,0.0,0,0.0,0,1,0
chinesekitty,0,0,0.0,1,0.0211,0.0,200.0,25.0,1,1,108.0,0.0,0,0.0,0,1,0
chinesemoney,0,0,0.0,1,0.0496,0.0,460.0,0.0,0,1,54.0,0.0,0,0.0,0,1,0
christmaseos,0,0,1.0,1,0.0485,0.0,450.0,0.0,1,1,72.0,0.0,0,0.0,0,1,0
chuxinbubian,0,0,0.0,1,0.0106,0.0,250.0,25.0,1,1,90.0,0.0,0,0.0,0,1,0
chuxinbuwang,0,0,0.0,1,0.0106,0.0,250.0,25.0,1,1,108.0,0.0,0,0.0,0,1,0
chuyinweilai,0,0,0.0,1,0.1773,0.0,250.0,25.0,1,1,108.0,0.0,0,0.0,0,1,0
cinemawallet,0,0,1.0,1,0.0475,0.0,405.0,0.0,1,1,90.0,0.0,0,0.0,0,1,0
classicaloid,0,0,0.0,1,0.038,0.0,450.0,0.0,0,1,90.0,0.0,0,0.0,0,1,0
cleverwallet,0,0,1.0,1,0.0,0.0,420.0,0.0,1,1,90.0,0.0,0,0.0,0,1,0
clinicwallet,0,0,1.0,1,0.0,0.0,415.0,0.0,1,1,90.0,0.0,0,0.0,0,1,0
cloudlovesun,0,0,0.0,1,0.0359,0.0,405.0,0.0,0,1,90.0,500.0,0,0.0,0,1,0
cngovernment,0,0,0.0,1,0.0219,0.0,200.0,50.0234,1,1,126.0,0.0,0,0.0,0,1,0
cnychangeeos,0,0,0.0,1,0.0211,0.0,250.0,50.0059,1,1,126.0,0.0,0,0.0,0,1,0
comingwallet,0,0,0.0,1,0.0211,0.0,250.0,25.0,1,1,108.0,0.0,0,0.0,0,1,0
computergame,0,0,0.0,1,0.0221,0.0,200.0,50.0063,1,1,126.0,0.0,0,0.0,0,1,0
contracthost,0,0,0.0,1,0.0211,0.0,250.0,25.0,1,1,108.0,0.0,0,0.0,0,1,0
coocoocoocoo,0,0,0.0,1,0.0211,0.0,250.0,25.0,1,1,108.0,0.0,0,0.0,0,1,0
coocoowallet,0,0,0.0,1,0.0106,0.0,250.0,25.0,1,1,108.0,0.0,0,0.0,0,1,0
cookiewallet,0,0,1.0,1,0.0,0.0,425.0,0.0,1,1,72.0,0.0,0,0.0,0,1,0
costaricabos,0,0,0.0,1,0.0222,0.0,200.0,50.0446,1,1,126.0,0.0,0,0.0,0,1,0
cpufeewallet,0,0,1.0,1,0.0,0.0,450.0,0.0,1,1,90.0,0.0,0,0.0,0,1,0
crazyairdrop,0,0,0.0,1,0.0211,0.0,250.0,25.0,1,1,108.0,0.0,0,0.0,0,1,0
cryptoobject,0,0,1.0,1,0.4386,0.0,370.0,0.0,1,1,90.0,0.0,0,0.0,0,1,0
cutagwarrpfn,0,0,0.0,1,16.0631,0.0,0.0,50.0,1,1,0.0,0.0,0,50.0,0,1,0
cutecutecute,0,0,0.0,1,0.0211,0.0,250.0,25.0,1,1,108.0,0.0,0,0.0,0,1,0
cutestwallet,0,0,0.0,1,0.0211,0.0,250.0,25.0,1,1,108.0,0.0,0,0.0,0,1,0
darksidemoon,0,0,0.0,1,0.0454,0.0,385.0,0.0,0,1,90.0,0.0,0,0.0,0,1,0
darlingchild,0,0,0.0,1,0.0,0.0,250.0,50.0878,1,1,108.0,0.0,0,0.0,0,1,0
ddddaaaadddd,0,0,0.0,1,0.0327,0.0,405.0,0.0,0,1,54.0,0.0,0,0.0,0,1,0
ddddiiiidddd,0,0,0.0,1,0.0422,0.0,450.0,0.0,0,1,54.0,0.0,0,0.0,0,1,0
dengxiaoping,0,0,0.0,1,0.0222,0.0,200.0,50.0616,1,1,126.0,0.0,0,0.0,0,1,0
devsprevails,0,0,1.0,1,0.0,0.0,385.0,0.0,1,1,90.0,0.0,0,0.0,0,1,0
dianzifapiao,0,0,0.0,1,0.0219,0.0,250.0,50.0023,1,1,126.0,0.0,0,0.0,0,1,0
diaosiwallet,0,0,0.0,1,0.4325,0.0,200.0,25.0,1,1,90.0,0.0,0,0.0,0,1,0
digiconomist,0,0,0.0,1,0.0106,0.0,250.0,25.0,1,1,108.0,0.0,0,0.0,0,1,0
dilingdiling,0,0,0.0,1,0.0222,0.0,250.0,50.0897,1,1,126.0,0.0,0,0.0,0,1,0
dobitradecom,0,0,0.0,1,0.0211,0.0,200.0,25.0,1,1,108.0,0.0,0,0.0,0,1,0
dobitradeeos,0,0,0.0,1,0.0211,0.0,250.0,25.0,1,1,108.0,0.0,0,0.0,0,1,0
dothisallday,0,0,0.0,1,0.0211,0.0,250.0,25.0,1,1,108.0,0.0,0,0.0,0,1,0
doublepocket,0,0,0.0,1,0.0211,0.0,250.0,25.0,1,1,108.0,0.0,0,0.0,0,1,0
dposprevails,0,0,1.0,1,0.0401,0.0,405.0,0.0,1,1,90.0,0.0,0,0.0,0,1,0
drinkingwine,0,0,0.0,1,0.2055,0.0,250.0,25.0,1,1,108.0,0.0,0,0.0,0,1,0
drivethelife,0,0,0.0,1,0.0211,0.0,250.0,25.0,1,1,108.0,0.0,0,0.0,0,1,0
dutcheosxxxx,0,0,0.0,1,0.0116,0.0,250.0,50.0282,1,1,126.0,0.0,0,0.0,0,1,0
dycnxaycubzw,0,0,0.0,1,199.4115,0.0,0.0,75.0,1,1,0.0,0.0,0,75.0,0,1,0
ebtcexchange,0,0,0.0,1,0.0211,0.0,250.0,25.0,1,1,108.0,0.0,0,0.0,0,1,0
economicalos,0,0,1.0,1,0.0,0.0,450.0,0.0,1,1,90.0,0.0,0,0.0,0,1,0
eeeennnndddd,0,0,0.0,1,0.0475,0.0,430.0,0.0,0,1,54.0,0.0,0,0.0,0,1,0
eethexchange,0,0,0.0,1,0.0211,0.0,200.0,25.0,1,1,108.0,0.0,0,0.0,0,1,0
enterprising,0,0,1.0,1,0.0,0.0,405.0,0.0,1,1,90.0,0.0,0,0.0,0,1,0
eojmydfsnsxt,0,0,0.0,1,15.0471,0.0,0.0,50.0,1,1,0.0,0.0,0,75.0,0,1,0
eopguahvzvyh,0,0,0.0,1,171.2725,0.0,0.0,50.0,1,1,0.0,0.0,0,50.0,0,1,0
eosafricaone,0,0,0.0,1,0.022,0.0,250.0,75.1141,1,1,126.0,0.0,0,0.0,0,1,0
eosanchorcny,0,0,0.0,1,0.0211,0.0,200.0,25.0,1,1,108.0,0.0,0,0.0,0,1,0
eosanchorusd,0,0,0.0,1,0.0211,0.0,250.0,25.0,1,1,108.0,0.0,0,0.0,0,1,0
eosascending,0,0,1.0,1,0.0,0.0,470.0,0.0,1,1,90.0,0.0,0,0.0,0,1,0
eosbalneaire,0,0,0.0,1,0.0422,0.0,385.0,0.0,0,1,90.0,0.0,0,0.0,0,1,0
eosbeamazing,0,0,1.0,1,0.0,0.0,425.0,0.0,1,1,90.0,0.0,0,0.0,0,1,0
eosbrazilian,0,0,1.0,1,0.0,0.0,450.0,0.0,1,1,90.0,0.0,0,0.0,0,1,0
eosbuybuybuy,0,0,0.0,1,0.0221,0.0,250.0,25.0552,1,1,126.0,0.0,0,0.0,0,1,0
eoscandyboxs,0,0,0.0,1,0.0215,0.0,200.0,50.0072,1,1,126.0,0.0,0,0.0,0,1,0
eoschangebtc,0,0,0.0,1,0.0211,0.0,250.0,25.0,1,1,108.0,0.0,0,0.0,0,1,0
eoschangecny,0,0,0.0,1,0.0211,0.0,250.0,50.0591,1,1,126.0,0.0,0,0.0,0,1,0
eoschangeeth,0,0,0.0,1,0.3936,0.0,250.0,25.0,1,1,108.0,0.0,0,0.0,0,1,0
eoschangeusd,0,0,0.0,1,0.0,0.0,250.0,50.0056,1,1,126.0,0.0,0,0.0,0,1,0
eoscodeislaw,0,0,1.0,1,0.0,0.0,460.0,0.0,1,1,90.0,0.0,0,0.0,0,1,0
eoscopyright,0,0,0.0,1,0.2164,0.0,200.0,50.0761,1,1,126.0,0.0,0,0.0,0,1,0
eosdetective,0,0,1.0,1,0.0433,0.0,415.0,0.0,1,1,90.0,0.0,0,0.0,0,1,0
eosdobitrade,0,0,0.0,1,0.0211,0.0,250.0,25.0,1,1,108.0,0.0,0,0.0,0,1,0
eosdontpanic,0,0,1.0,1,0.3901,0.0,420.0,0.0,1,1,90.0,0.0,0,0.0,0,1,0
eosecoeoseco,0,0,0.0,1,0.0241,0.0,200.0,75.097,1,1,144.0,0.0,0,0.0,0,1,0
eosfiatmoney,0,0,0.0,1,0.0454,0.0,440.0,0.0,0,1,90.0,0.0,0,0.0,0,1,0
eosfreeforum,0,0,0.0,1,0.0,0.0,250.0,25.0,1,1,108.0,0.0,0,0.0,0,1,0
eosfukediguo,0,0,0.0,1,0.0422,0.0,405.0,0.0,0,1,90.0,0.0,0,0.0,0,1,0
eosgermanybp,0,0,0.0,1,0.2108,0.0,250.0,75.1108,1,1,144.0,0.0,0,0.0,0,1,0
eosgongxiang,0,0,0.0,1,0.0106,0.0,250.0,25.0,1,1,108.0,0.0,0,0.0,0,1,0
eoshurricane,0,0,1.0,1,0.3846,0.0,450.0,0.0,1,1,90.0,0.0,0,0.0,0,1,0
eosinception,0,0,1.0,1,0.0,0.0,430.0,0.0,1,1,90.0,0.0,0,0.0,0,1,0
eosingenuity,0,0,1.0,1,0.0,0.0,440.0,0.0,1,1,90.0,0.0,0,0.0,0,1,0
eosisclassic,0,0,0.0,1,0.0485,0.0,420.0,0.0,0,1,90.0,0.0,0,0.0,0,1,0
eosisongoing,0,0,1.0,1,0.0,0.0,430.0,0.0,1,1,90.0,0.0,0,0.0,0,1,0
eosjapanclub,0,0,0.0,1,0.0121,0.0,250.0,75.1265,1,1,144.0,0.0,0,0.0,0,1,0
eoskangaroos,0,0,1.0,1,0.0,0.0,420.0,0.0,1,1,90.0,0.0,0,0.0,0,1,0
eosloveheart,0,0,0.0,1,0.0211,0.0,250.0,25.0,1,1,108.0,0.0,0,0.0,0,1,0
eosluckydraw,0,0,0.0,1,0.0211,0.0,250.0,25.0,1,1,108.0,0.0,0,0.0,0,1,0
eosluckygirl,0,0,0.0,1,0.0211,0.0,250.0,50.06,1,1,126.0,0.0,0,0.0,0,1,0
eosluckylady,0,0,0.0,1,0.0211,0.0,250.0,50.0234,1,1,126.0,0.0,0,0.0,0,1,0
eosmainforum,0,0,0.0,1,0.0211,0.0,250.0,25.0,1,1,108.0,0.0,0,0.0,0,1,0
eosmesodotio,0,0,0.0,1,0.0217,0.0,200.0,75.0886,1,1,126.0,0.0,0,0.0,0,1,0
eosmiamidade,0,0,0.0,1,0.022,0.0,200.0,75.1084,1,1,126.0,0.0,0,0.0,0,1,0
eosmobilenet,0,0,1.0,1,0.0,0.0,430.0,0.0,1,1,90.0,0.0,0,0.0,0,1,0
eosmobwallet,0,0,1.0,1,0.0485,0.0,460.0,0.0,1,1,90.0,0.0,0,0.0,0,1,0
eosmontblanc,0,0,1.0,1,0.0,0.0,415.0,0.0,1,1,90.0,0.0,0,0.0,0,1,0
eosnamesswap,0,0,0.0,1,0.0211,0.0,250.0,25.0,1,1,108.0,0.0,0,0.0,0,1,0
eosnaogeming,0,0,0.0,1,0.0454,0.0,460.0,0.0,0,1,90.0,0.0,0,0.0,0,1,0
eosnetincome,0,0,0.0,1,0.0454,0.0,450.0,0.0,0,1,90.0,0.0,0,0.0,0,1,0
eososcillate,0,0,1.0,1,0.0,0.0,415.0,0.0,1,1,90.0,0.0,0,0.0,0,1,0
eosparkdapps,0,0,0.0,1,0.0221,0.0,250.0,50.0145,1,1,126.0,0.0,0,0.0,0,1,0
eospentagram,0,0,1.0,1,0.0,0.0,405.0,0.0,1,1,90.0,0.0,0,0.0,0,1,0
eosprecipice,0,0,1.0,1,0.0,0.0,450.0,0.0,1,1,90.0,0.0,0,0.0,0,1,0
eospremature,0,0,1.0,1,0.0,0.0,405.0,0.0,1,1,90.0,0.0,0,0.0,0,1,0
eosracketeer,0,0,0.0,1,0.0485,0.0,390.0,0.0,0,1,90.0,0.0,0,0.0,0,1,0
eosrealmagic,0,0,1.0,1,0.0,0.0,425.0,0.0,1,1,90.0,0.0,0,0.0,0,1,0
eosreservoir,0,0,1.0,1,0.0,0.0,440.0,0.0,1,1,90.0,0.0,0,0.0,0,1,0
eosricardian,0,0,0.0,1,0.0443,0.0,415.0,0.0,0,1,90.0,0.0,0,0.0,0,1,0
eossandiego1,0,0,0.0,1,0.0,0.0,200.0,75.1173,1,1,144.0,0.0,0,0.0,0,1,0
eosschindler,0,0,0.0,1,0.0516,0.0,430.0,0.0,0,1,90.0,0.0,0,0.0,0,1,0
eosshawshank,0,0,0.0,1,0.0496,0.0,440.0,0.0,0,1,90.0,0.0,0,0.0,0,1,0
eossocalprod,0,0,0.0,1,0.0226,0.0,250.0,75.147,1,1,144.0,0.0,0,0.0,0,1,0
eossuperlady,0,0,0.0,1,0.0211,0.0,250.0,25.0,1,1,108.0,0.0,0,0.0,0,1,0
eostechlover,0,0,0.0,1,0.0496,0.0,405.0,0.0,0,1,54.0,0.0,0,0.0,0,1,0
eosthushuimu,0,0,0.0,1,0.0229,0.0,250.0,50.0041,1,1,108.0,0.0,0,0.0,0,1,0
eostongcheng,0,0,0.0,1,0.0211,0.0,250.0,25.0,1,1,108.0,0.0,0,0.0,0,1,0
eostotangyan,0,0,1.0,1,0.0475,0.0,415.0,0.0,1,1,90.0,0.0,0,0.0,0,1,0
eosurpriseme,0,0,1.0,1,0.0,0.0,450.0,0.0,1,1,90.0,0.0,0,0.0,0,1,0
eosusdttoken,0,0,0.0,1,0.0211,0.0,250.0,25.0,1,1,108.0,0.0,0,0.0,0,1,0
eosvancouver,0,0,0.0,1,0.0,0.0,250.0,50.0168,1,1,108.0,0.0,0,0.0,0,1,0
eoswaitnoman,0,0,0.0,1,0.0211,0.0,250.0,25.0,1,1,108.0,0.0,0,0.0,0,1,0
eoswallet1st,0,0,1.0,1,0.0,0.0,370.0,0.0,1,1,90.0,0.0,0,0.0,0,1,0
eoswallet2nd,0,0,1.0,1,0.0,0.0,460.0,0.0,1,1,90.0,0.0,0,0.0,0,1,0
eoswallet3rd,0,0,0.0,1,0.0505,0.0,450.0,0.0,1,1,90.0,0.0,0,0.0,0,1,0
eoswallet4th,0,0,0.0,1,0.0475,0.0,385.0,0.0,0,1,90.0,0.0,0,0.0,0,1,0
eoswallet5th,0,0,0.0,1,0.0443,0.0,450.0,0.0,0,1,72.0,0.0,0,0.0,0,1,0
eoswhenlanbo,0,0,1.0,1,0.0388,0.0,420.0,0.0,1,1,90.0,0.0,0,0.0,0,1,0
etqbjhcjvihr,0,0,0.0,1,17.972,0.0,0.0,0.0,1,1,0.0,0.0,0,50.0,0,1,0
eusdexchange,0,0,0.0,1,0.0211,0.0,250.0,25.0,1,1,108.0,0.0,0,0.0,0,1,0
excelwordppt,0,0,0.0,1,0.0211,0.0,200.0,25.0,1,1,108.0,0.0,0,0.0,0,1,0
exchangeebtc,0,0,0.0,1,0.0211,0.0,250.0,25.0,1,1,108.0,0.0,0,0.0,0,1,0
exchangeeusd,0,0,0.0,1,0.0211,0.0,250.0,25.0,1,1,108.0,0.0,0,0.0,0,1,0
facetomorrow,0,0,0.0,1,0.0211,0.0,250.0,0.0,1,1,108.0,0.0,0,0.0,0,1,0
fanaticofbos,0,0,1.0,1,0.0527,0.0,430.0,0.0,1,1,90.0,0.0,0,0.0,0,1,0
fanaticofbtc,0,0,1.0,1,0.0,0.0,415.0,0.0,1,1,90.0,0.0,0,0.0,0,1,0
fanaticofeos,0,0,1.0,1,0.0409,0.0,460.0,0.0,1,1,90.0,0.0,0,0.0,0,1,0
fanaticofmob,0,0,1.0,1,0.0,0.0,450.0,0.0,1,1,90.0,0.0,0,0.0,0,1,0
fcxekujqxplx,0,0,0.0,1,14.6181,0.0,0.0,0.0,1,1,0.0,0.0,0,50.0,0,1,0
feelwithlove,0,0,0.0,1,0.0485,0.0,415.0,0.0,0,1,90.0,0.0,0,0.0,0,1,0
feimaqingqiu,0,0,0.0,1,0.0,0.0,250.0,50.0377,1,1,126.0,0.0,0,0.0,0,1,0
ffffaaaannnn,0,0,0.0,1,0.0464,0.0,415.0,0.0,0,1,54.0,0.0,0,0.0,0,1,0
ffffaaaatttt,0,0,0.0,1,0.0348,0.0,460.0,0.0,0,1,36.0,0.0,0,0.0,0,1,0
ffffuuuunnnn,0,0,0.0,1,0.0348,0.0,370.0,0.0,0,1,72.0,500.0,0,0.0,0,1,0
fiatcurrency,0,0,1.0,1,0.0,0.0,425.0,0.0,1,1,90.0,0.0,0,0.0,0,1,0
findtomorrow,0,0,0.0,1,0.0211,0.0,250.0,25.0,1,1,108.0,0.0,0,0.0,0,1,0
findyourlove,0,0,0.0,1,0.0211,0.0,250.0,25.0,1,1,108.0,0.0,0,0.0,0,1,0
finexpertiza,0,0,0.0,1,0.0211,0.0,250.0,25.0,1,1,108.0,0.0,0,0.0,0,1,0
finishthejob,0,0,0.0,1,0.0211,0.0,250.0,25.0,1,1,108.0,0.0,0,0.0,0,1,0
firstfounder,0,0,0.0,1,0.0215,0.0,250.0,50.0875,1,1,126.0,0.0,0,0.0,0,1,0
fishinthesea,0,0,0.0,1,0.0211,0.0,200.0,25.0,1,1,108.0,0.0,0,0.0,0,1,0
fivuxhwxpnfs,0,0,0.0,1,15.0762,0.0,0.0,50.0,1,1,0.0,0.0,0,100.0,0,1,0
flawlesslyos,0,0,1.0,1,0.0,0.0,470.0,0.0,1,1,90.0,0.0,0,0.0,0,1,0
foreigntrade,0,0,0.0,1,0.0221,0.0,250.0,50.0677,1,1,126.0,0.0,0,0.0,0,1,0
foughtforbos,0,0,1.0,1,0.0,0.0,460.0,0.0,1,1,72.0,0.0,0,0.0,0,1,0
foughtforeos,0,0,1.0,1,0.0496,0.0,440.0,0.0,1,1,90.0,0.0,0,0.0,0,1,0
franceosysbp,0,0,0.0,1,0.022,0.0,250.0,75.1264,1,1,144.0,0.0,0,0.0,0,1,0
freeamerican,0,0,0.0,1,0.2055,0.0,250.0,50.0107,1,1,126.0,0.0,0,0.0,0,1,0
freefreefree,0,0,0.0,1,0.0106,0.0,250.0,25.0,1,1,108.0,0.0,0,0.0,0,1,0
freemakelove,0,0,0.0,1,0.0,0.0,250.0,50.0699,1,1,126.0,0.0,0,0.0,0,1,0
freepictures,0,0,0.0,1,0.0,0.0,250.0,50.0398,1,1,126.0,0.0,0,0.0,0,1,0
frenchwinner,0,0,0.0,1,0.2055,0.0,200.0,50.0783,1,1,108.0,0.0,0,0.0,0,1,0
fuckbmandeos,0,0,0.0,1,0.0229,0.0,200.0,50.0282,1,1,126.0,0.0,0,0.0,0,1,0
fuckeosforce,0,0,0.0,1,0.0211,0.0,250.0,25.0,1,1,108.0,0.0,0,0.0,0,1,0
fukqbcwpipol,0,0,0.0,1,105.9867,0.0,0.0,50.0,1,1,0.0,0.0,0,50.0,0,1,0
fullfullfull,0,0,0.0,1,0.0211,0.0,250.0,25.0,1,1,108.0,0.0,0,0.0,0,1,0
fweetihictsl,0,0,0.0,1,101.036,0.0,0.0,50.0,1,1,0.0,0.0,0,50.0,0,1,0
gebi1laowang,0,0,0.0,1,0.0211,0.0,250.0,25.0,1,1,108.0,0.0,0,0.0,0,1,0
gggguuuuyyyy,0,0,0.0,1,0.4631,0.0,440.0,0.0,0,1,54.0,0.0,0,0.0,0,1,0
girlgirlgirl,0,0,0.0,1,0.0,0.0,250.0,25.0,1,1,108.0,0.0,0,0.0,0,1,0
goldenwallet,0,0,0.0,1,0.0211,0.0,250.0,25.0,1,1,108.0,0.0,0,0.0,0,1,0
gongyinglian,0,0,0.0,1,0.0211,0.0,250.0,25.0,1,1,108.0,0.0,0,0.0,0,1,0
goodforyoubm,0,0,1.0,1,0.0485,0.0,450.0,0.0,1,1,90.0,0.0,0,0.0,0,1,0
goodgoolgril,0,0,0.0,1,0.0,0.0,250.0,50.0583,1,1,126.0,0.0,0,0.0,0,1,0
goodluckbaby,0,0,0.0,1,0.0211,0.0,250.0,25.0,1,1,108.0,0.0,0,0.0,0,1,0
goodverymuch,0,0,0.0,1,0.1913,0.0,250.0,25.0,1,1,108.0,0.0,0,0.0,0,1,0
goodwellnice,0,0,0.0,1,0.0211,0.0,250.0,25.0,1,1,108.0,0.0,0,0.0,0,1,0
gorightahead,0,0,0.0,1,0.0211,0.0,250.0,25.0234,1,1,126.0,0.0,0,0.0,0,1,0
groovetunez1,0,0,1.0,1,0.0,0.0,425.0,0.0,1,1,90.0,0.0,0,0.0,0,1,0
guanfangdian,0,0,0.0,1,0.1808,0.0,250.0,25.0,1,1,108.0,0.0,0,0.0,0,1,0
guangzhouren,0,0,0.0,1,0.0211,0.0,250.0,25.0,1,1,108.0,0.0,0,0.0,0,1,0
guitarwallet,0,0,1.0,1,0.3901,0.0,440.0,0.0,1,1,90.0,0.0,0,0.0,0,1,0
gvargajgsbxr,0,0,0.0,1,11.9079,0.0,0.0,0.0014,1,1,0.0,0.0,0,25.0,0,1,0
hainanhaikou,0,0,0.0,1,0.0,0.0,250.0,25.0,1,1,108.0,0.0,0,0.0,0,1,0
haishinidaye,0,0,0.0,1,0.0225,0.0,250.0,50.0142,1,1,126.0,0.0,0,0.0,0,1,0
hangzhoushow,0,0,0.0,1,0.0,0.0,250.0,50.0699,1,1,126.0,0.0,0,0.0,0,1,0
hangzhoutong,0,0,0.0,1,0.0106,0.0,250.0,25.0,1,1,108.0,0.0,0,0.0,0,1,0
happybeijing,0,0,0.0,1,0.0211,0.0,250.0,25.0,1,1,108.0,0.0,0,0.0,0,1,0
hashkeygroup,0,0,0.0,1,0.0211,0.0,250.0,25.0,1,1,108.0,0.0,0,0.0,0,1,0
havegoodname,0,0,0.0,1,0.0211,0.0,250.0,25.0,1,1,108.0,0.0,0,0.0,0,1,0
haveonedream,0,0,0.0,1,0.0,0.0,405.0,0.0,1,1,90.0,0.0,0,0.0,0,1,0
heartywallet,0,0,0.0,1,0.0211,0.0,250.0,25.0,1,1,108.0,0.0,0,0.0,0,1,0
heavenknight,0,0,0.0,1,0.0211,0.0,200.0,25.0,1,1,108.0,0.0,0,0.0,0,1,0
hellobeiging,0,0,0.0,1,0.0011,0.0,250.0,25.0311,1,1,126.0,0.0,0,0.0,0,1,0
hellobosdapp,0,0,0.0,1,0.0215,0.0,250.0,50.0278,1,1,126.0,0.0,0,0.0,0,1,0
hellochinese,0,0,0.0,1,0.0229,0.0,250.0,50.0061,1,1,126.0,0.0,0,0.0,0,1,0
helloqingdao,0,0,0.0,1,0.0211,0.0,250.0,25.0,1,1,108.0,0.0,0,0.0,0,1,0
hellotianjin,0,0,0.0,1,0.0,0.0,200.0,50.0417,1,1,126.0,0.0,0,0.0,0,1,0
heroherohero,0,0,0.0,1,0.0106,0.0,250.0,25.0,1,1,108.0,0.0,0,0.0,0,1,0
hhhhaaaayyyy,0,0,0.0,1,0.0348,0.0,460.0,0.0,0,1,36.0,0.0,0,0.0,0,1,0
hiddenwallet,0,0,0.0,1,0.0211,0.0,250.0,25.0,1,1,108.0,0.0,0,0.0,0,1,0
hitbtcwallet,0,0,0.0,1,0.2102,0.0,250.0,50.0848,1,1,126.0,0.0,0,0.0,0,1,0
hkgovernment,0,0,0.0,1,0.0229,0.0,250.0,50.0511,1,1,126.0,0.0,0,0.0,0,1,0
homehomehome,0,0,0.0,1,0.0211,0.0,250.0,25.0,1,1,108.0,0.0,0,0.0,0,1,0
honestknight,0,0,0.0,1,0.0211,0.0,250.0,25.0,1,1,108.0,0.0,0,0.0,0,1,0
honestwallet,0,0,0.0,1,0.0211,0.0,250.0,25.0,1,1,108.0,0.0,0,0.0,0,1,0
hongkongmoon,0,0,0.0,1,0.0106,0.0,250.0,25.0,1,1,108.0,0.0,0,0.0,0,1,0
hongkongtong,0,0,0.0,1,0.0211,0.0,200.0,25.0,1,1,108.0,0.0,0,0.0,0,1,0
hopehopehope,0,0,0.0,1,0.0211,0.0,250.0,25.0,1,1,108.0,0.0,0,0.0,0,1,0
hopingwallet,0,0,0.0,1,0.0211,0.0,250.0,25.0,1,1,108.0,0.0,0,0.0,0,1,0
hqmsedpagjax,0,0,0.0,1,97.4555,0.0,0.0,50.0,1,1,0.0,0.0,0,50.0,0,1,0
hsfdykhnrdjb,0,0,0.0,1,16.6304,0.0,0.0,50.0,1,1,0.0,0.0,0,50.0,0,1,0
huaweihonour,0,0,0.0,1,0.0464,0.0,420.0,0.0,0,1,90.0,0.0,0,0.0,0,1,0
huluwahuluwa,0,0,0.0,1,0.0317,0.0,470.0,0.0,0,1,54.0,0.0,0,0.0,0,1,0
huluwawallet,0,0,0.0,1,0.0,0.0,450.0,0.0,1,1,54.0,0.0,0,0.0,0,1,0
huozhentaoxx,0,0,1.0,1,0.0,0.0,470.0,0.0,1,1,90.0,0.0,0,0.0,0,1,0
huzhupingtai,0,0,0.0,1,0.0222,0.0,250.0,50.0889,1,1,126.0,0.0,0,0.0,0,1,0
hzqmoceevglj,0,0,0.0,1,48.2817,2.0,0.0,50.0,1,1,0.0,0.0,0,50.0,0,1,0
iamaluckyman,0,0,0.0,1,0.0106,0.0,250.0,50.0649,1,1,126.0,0.0,0,0.0,0,1,0
iameconomist,0,0,1.0,1,0.0,0.0,405.0,0.0,1,1,90.0,0.0,0,0.0,0,1,0
iamexcellent,0,0,0.0,1,0.038,0.0,430.0,0.0,1,1,90.0,0.0,0,0.0,0,1,0
iamluckybaby,0,0,0.0,1,0.0211,0.0,250.0,25.0,1,1,108.0,0.0,0,0.0,0,1,0
iamluckylady,0,0,0.0,1,0.0211,0.0,250.0,50.0364,1,1,126.0,0.0,0,0.0,0,1,0
iamluckystar,0,0,0.0,1,0.0211,0.0,250.0,50.0021,1,1,126.0,0.0,0,0.0,0,1,0
ibillionaire,0,0,0.0,1,0.0454,0.0,465.0,0.0,0,1,90.0,0.0,0,0.0,0,1,0
idontthinkso,0,0,1.0,1,0.0464,0.0,425.0,0.0,1,1,90.0,0.0,0,0.0,0,1,0
igroovetunez,0,0,1.0,1,0.0,0.0,420.0,0.0,1,1,90.0,0.0,0,0.0,0,1,0
ihodlbitcoin,0,0,1.0,1,0.0329,0.0,465.0,0.0,1,1,90.0,0.0,0,0.0,0,1,0
iholdbitcoin,0,0,0.0,1,0.0527,0.0,480.0,0.0,0,1,90.0,0.0,0,0.0,0,1,0
iicemfhmebbf,0,0,0.0,1,13.377,0.0,0.0,50.0,1,1,0.0,0.0,0,50.0,0,1,0
ijqktwlgywoq,0,0,0.0,1,71.4083,2.0,0.0,0.0,1,1,0.0,0.0,0,50.0,0,1,0
iloveatlanta,0,0,1.0,1,0.0,0.0,425.0,0.0,1,1,90.0,0.0,0,0.0,0,1,0
ilovebinance,0,0,1.0,1,0.3776,0.0,480.0,0.0,1,1,90.0,0.0,0,0.0,0,1,0
ilovebos1314,0,0,0.0,1,0.0216,0.0,250.0,50.0645,1,1,126.0,0.0,0,0.0,0,1,0
ilovehouston,0,0,1.0,1,0.0,0.0,425.0,0.0,1,1,90.0,0.0,0,0.0,0,1,0
iloveimtoken,0,0,1.0,1,0.0,0.0,460.0,0.0,1,1,90.0,0.0,0,0.0,0,1,0
iloveorlando,0,0,1.0,1,0.0,0.0,465.0,0.0,1,1,90.0,0.0,0,0.0,0,1,0
ilovephoenix,0,0,1.0,1,0.0,0.0,435.0,0.0,1,1,90.0,0.0,0,0.0,0,1,0
iloveqingdao,0,0,0.0,1,0.0,0.0,250.0,25.0,1,1,108.0,0.0,0,0.0,0,1,0
iloveseattle,0,0,1.0,1,0.0338,0.0,475.0,0.0,1,1,90.0,0.0,0,0.0,0,1,0
ilovetianjin,0,0,0.0,1,0.0211,0.0,200.0,25.0,1,1,108.0,0.0,0,0.0,0,1,0
ilovetoronto,0,0,1.0,1,0.0,0.0,465.0,0.0,1,1,90.0,0.0,0,0.0,0,1,0
imillionaire,0,0,1.0,1,0.038,0.0,475.0,0.0,1,1,90.0,0.0,0,0.0,0,1,0
inalkmsmackx,0,0,0.0,1,17.8251,0.0,0.0,50.0,1,1,0.0,0.0,0,75.0,0,1,0
inbtcwetrust,0,0,1.0,1,0.0401,0.0,470.0,0.0,1,1,90.0,0.0,0,0.0,0,1,0
incalculable,0,0,1.0,1,0.3901,0.0,460.0,0.0,1,1,72.0,0.0,0,0.0,0,1,0
incomparable,0,0,1.0,1,0.0,0.0,425.0,0.0,1,1,90.0,0.0,0,0.0,0,1,0
indianpeople,0,0,0.0,1,0.0211,0.0,250.0,25.0,1,1,108.0,0.0,0,0.0,0,1,0
indianpocket,0,0,0.0,1,0.0211,0.0,250.0,25.0,1,1,108.0,0.0,0,0.0,0,1,0
indianzebpay,0,0,0.0,1,0.0211,0.0,200.0,25.0,1,1,108.0,0.0,0,0.0,0,1,0
indiawillwin,0,0,0.0,1,0.1949,0.0,200.0,25.0,1,1,108.0,0.0,0,0.0,0,1,0
inmobwetrust,0,0,1.0,1,0.0496,0.0,450.0,0.0,1,1,90.0,0.0,0,0.0,0,1,0
innovationos,0,0,1.0,1,0.0,0.0,440.0,0.0,1,1,90.0,0.0,0,0.0,0,1,0
intangiblbos,0,0,1.0,1,0.0,0.0,370.0,0.0,1,1,90.0,0.0,0,0.0,0,1,0
intangibleos,0,0,1.0,1,0.0,0.0,430.0,0.0,1,1,90.0,0.0,0,0.0,0,1,0
italywillwin,0,0,0.0,1,0.0,0.0,250.0,25.0,1,1,108.0,0.0,0,0.0,0,1,0
itsboswallet,0,0,1.0,1,0.0527,0.0,430.0,0.0,1,1,90.0,0.0,0,0.0,0,1,0
itsdifficult,0,0,0.0,1,0.0527,0.0,470.0,0.0,0,1,90.0,0.0,0,0.0,0,1,0
itseoswallet,0,0,1.0,1,0.0211,0.0,460.0,0.0,1,1,90.0,0.0,0,0.0,0,1,0
itsexcellent,0,0,0.0,1,0.0454,0.0,470.0,0.0,0,1,90.0,0.0,0,0.0,0,1,0
itspoppycock,0,0,0.0,1,0.038,0.0,430.0,0.0,0,1,90.0,0.0,0,0.0,0,1,0
iunstoppable,0,0,1.0,1,0.0485,0.0,370.0,0.0,1,1,90.0,0.0,0,0.0,0,1,0
jamesmadison,0,0,1.0,1,0.0305,0.0,470.0,0.0,1,1,90.0,0.0,0,0.0,0,1,0
japanesebaby,0,0,0.0,1,0.0,0.0,250.0,50.0842,1,1,126.0,0.0,0,0.0,0,1,0
japanesehero,0,0,0.0,1,0.2091,0.0,250.0,50.0415,1,1,126.0,0.0,0,0.0,0,1,0
japaneselady,0,0,0.0,1,0.0211,0.0,250.0,50.0772,1,1,126.0,0.0,0,0.0,0,1,0
japanesestar,0,0,0.0,1,0.0106,0.0,250.0,50.058,1,1,108.0,0.0,0,0.0,0,1,0
japanwillwin,0,0,0.0,1,0.0211,0.0,250.0,25.0,1,1,108.0,0.0,0,0.0,0,1,0
jgalkpttktzb,0,0,0.0,1,72.9972,0.0,0.0,50.0,1,1,0.0,0.0,0,50.0,0,1,0
jgcundfqmskm,0,0,0.0,1,0.0,0.0,0.0,0.0,1,1,0.0,0.0,0,0.0,0,1,0
jiandanzhifu,0,0,0.0,1,0.0106,0.0,250.0,25.0,1,1,108.0,0.0,0,0.0,0,1,0
jiaoxuejigou,0,0,0.0,1,0.0106,0.0,250.0,25.0,1,1,108.0,0.0,0,0.0,0,1,0
jicgovszlwwj,0,0,0.0,1,16.746,0.0,0.0,50.0,1,1,0.0,0.0,0,50.0,0,1,0
jingdonglian,0,0,0.0,1,0.0,0.0,200.0,25.0,1,1,108.0,0.0,0,0.0,0,1,0
jinsecaijing,0,0,0.0,1,0.012,0.0,200.0,50.0959,1,1,126.0,0.0,0,0.0,0,1,0
jiucaituanzi,0,0,0.0,1,0.0211,0.0,200.0,25.0,1,1,108.0,0.0,0,0.0,0,1,0
jmtymmsmefmi,0,0,0.0,1,48.5904,0.0,0.0,50.0,1,1,0.0,0.0,0,50.0,0,1,0
jodrndvundhb,0,0,0.0,1,17.0393,0.0,0.0,50.0,1,1,0.0,0.0,0,50.0,0,1,0
joinsecurity,0,0,0.0,1,0.0229,0.0,200.0,50.0052,1,1,126.0,0.0,0,0.0,0,1,0
jpqdzvwztiqe,0,0,0.0,1,54.1619,2.0,0.0,75.0256,1,1,0.0,0.0,0,50.0,0,1,0
jrrcryptobos,0,0,0.0,1,0.0225,0.0,200.0,50.0485,1,1,126.0,0.0,0,0.0,0,1,0
jumpthenfall,0,0,0.0,1,0.0218,0.0,250.0,0.0,0,1,108.0,0.0,0,0.0,0,1,0
jusechengren,0,0,0.0,1,0.0211,0.0,250.0,25.0,1,1,108.0,0.0,0,0.0,0,1,0
justiceofbos,0,0,1.0,1,0.0,0.0,470.0,0.0,1,1,72.0,0.0,0,0.0,0,1,0
justiceofeos,0,0,1.0,1,0.0,0.0,450.0,0.0,1,1,90.0,0.0,0,0.0,0,1,0
justlovebaby,0,0,0.0,1,0.0225,0.0,250.0,50.0178,1,1,126.0,0.0,0,0.0,0,1,0
justlovewife,0,0,0.0,1,0.0221,0.0,250.0,50.0232,1,1,126.0,0.0,0,0.0,0,1,0
justrightnow,0,0,0.0,1,0.0211,0.0,250.0,25.0,1,1,108.0,0.0,0,0.0,0,1,0
jzvyusjyzsjw,0,0,0.0,1,17.3637,0.0,0.0,50.0,1,1,0.0,0.0,0,50.0,0,1,0
keepfighting,0,0,0.0,1,0.0338,0.0,460.0,0.0,0,1,90.0,0.0,0,0.0,0,1,0
keepkeepkeep,0,0,0.0,1,0.0211,0.0,200.0,25.0,1,1,108.0,0.0,0,0.0,0,1,0
keepsafeside,0,0,0.0,1,0.0219,0.0,250.0,50.034,1,1,108.0,0.0,0,0.0,0,1,0
keepyourhope,0,0,0.0,1,0.0211,0.0,250.0,25.0,1,1,108.0,0.0,0,0.0,0,1,0
keepyourwill,0,0,0.0,1,0.0,0.0,250.0,25.0,1,1,108.0,0.0,0,0.0,0,1,0
keoskorea111,0,0,0.0,1,0.0112,0.0,250.0,75.1662,1,1,126.0,0.0,0,0.0,0,1,0
kindkindkind,0,0,0.0,1,0.0211,0.0,200.0,25.0,1,1,108.0,0.0,0,0.0,0,1,0
kingcomeback,0,0,0.0,1,0.0213,0.0,250.0,50.0138,1,1,126.0,0.0,0,0.0,0,1,0
kingsoftgame,0,0,0.0,1,0.0211,0.0,200.0,25.0,1,1,108.0,0.0,0,0.0,0,1,0
kisspurebaby,0,0,0.0,1,0.2095,0.0,250.0,50.0572,1,1,126.0,0.0,0,0.0,0,1,0
kisspuregirl,0,0,0.0,1,0.0225,0.0,250.0,50.007,1,1,126.0,0.0,0,0.0,0,1,0
kissyourface,0,0,0.0,1,0.0215,0.0,250.0,50.0618,1,1,126.0,0.0,0,0.0,0,1,0
knightbattle,0,0,0.0,1,0.0211,0.0,250.0,25.0,1,1,108.0,0.0,0,0.0,0,1,0
knightcastle,0,0,0.0,1,0.0211,0.0,250.0,25.0,1,1,108.0,0.0,0,0.0,0,1,0
kongjunyihao,0,0,0.0,1,0.0211,0.0,250.0,25.0,1,1,108.0,0.0,0,0.0,0,1,0
krakenwallet,0,0,0.0,1,0.0216,0.0,250.0,50.0439,1,1,126.0,0.0,0,0.0,0,1,0
kuaichongzhi,0,0,0.0,1,0.0211,0.0,250.0,25.0,1,1,108.0,0.0,0,0.0,0,1,0
kuailebaobao,0,0,0.0,1,0.0106,0.0,250.0,25.0,1,1,108.0,0.0,0,0.0,0,1,0
kuailebaobei,0,0,0.0,1,0.0211,0.0,250.0,25.0,1,1,108.0,0.0,0,0.0,0,1,0
kuaisujiaoyi,0,0,0.0,1,0.0106,0.0,250.0,25.0,1,1,108.0,0.0,0,0.0,0,1,0
kuajingzhifu,0,0,0.0,1,0.0211,0.0,250.0,25.0,1,1,108.0,0.0,0,0.0,0,1,0
leaderwallet,0,0,1.0,1,0.0,0.0,470.0,0.0,1,1,90.0,0.0,0,0.0,0,1,0
legalbenefit,0,0,0.0,1,0.038,0.0,430.0,0.0,0,1,90.0,0.0,0,0.0,0,1,0
lianmenglian,0,0,0.0,1,0.1667,0.0,250.0,25.0,1,1,108.0,0.0,0,0.0,0,1,0
lianzhixinxi,0,0,0.0,1,0.0211,0.0,250.0,25.0,1,1,108.0,0.0,0,0.0,0,1,0
licaichanpin,0,0,0.0,1,0.0211,0.0,250.0,25.0,1,1,108.0,0.0,0,0.0,0,1,0
lifesentence,0,0,0.0,1,0.0211,0.0,250.0,25.0,1,1,108.0,0.0,0,0.0,0,1,0
lifpdgkvpqnz,0,0,0.0,1,79.4892,0.0,0.0,50.0,1,1,0.0,0.0,0,25.0,0,1,0
likelikelike,0,0,0.0,1,0.0106,0.0,250.0,25.0,1,1,108.0,0.0,0,0.0,0,1,0
looklooklook,0,0,0.0,1,0.0106,0.0,250.0,25.0,1,1,108.0,0.0,0,0.0,0,1,0
loudandclear,0,0,0.0,1,0.0211,0.0,250.0,25.0,1,1,108.0,0.0,0,0.0,0,1,0
lovebabyface,0,0,0.0,1,0.0213,0.0,250.0,50.0295,1,1,126.0,0.0,0,0.0,0,1,0
lovebmandeos,0,0,0.0,1,0.0219,0.0,200.0,50.0171,1,1,126.0,0.0,0,0.0,0,1,0
lovecoinbase,0,0,0.0,1,0.0,0.0,250.0,50.028,1,1,126.0,0.0,0,0.0,0,1,0
lovecometrue,0,0,0.0,1,0.0216,0.0,250.0,50.0055,1,1,126.0,0.0,0,0.0,0,1,0
lovecutewife,0,0,0.0,1,0.0219,0.0,250.0,50.0992,1,1,126.0,0.0,0,0.0,0,1,0
lovedearbaby,0,0,0.0,1,0.0215,0.0,250.0,50.0618,1,1,126.0,0.0,0,0.0,0,1,0
lovedeargirl,0,0,0.0,1,0.0229,0.0,250.0,50.0627,1,1,126.0,0.0,0,0.0,0,1,0
lovedearwife,0,0,0.0,1,0.0219,0.0,200.0,50.0684,1,1,126.0,0.0,0,0.0,0,1,0
lovedogecoin,0,0,0.0,1,0.0219,0.0,250.0,50.01,1,1,126.0,0.0,0,0.0,0,1,0
lovegoodname,0,0,0.0,1,0.0106,0.0,250.0,25.0,1,1,108.0,0.0,0,0.0,0,1,0
lovejingdong,0,0,0.0,1,0.0211,0.0,250.0,25.0,1,1,108.0,0.0,0,0.0,0,1,0
lovelywallet,0,0,1.0,1,0.0433,0.0,405.0,0.0,1,1,72.0,0.0,0,0.0,0,1,0
lovemyfamily,0,0,0.0,1,0.0216,0.0,250.0,25.0421,1,1,126.0,0.0,0,0.0,0,1,0
lovepurebaby,0,0,0.0,1,0.0213,0.0,250.0,50.0871,1,1,126.0,0.0,0,0.0,0,1,0
lovepuregirl,0,0,0.0,1,0.0117,0.0,250.0,50.005,1,1,126.0,0.0,0,0.0,0,1,0
lovethisgirl,0,0,0.0,1,0.0215,0.0,250.0,50.0601,1,1,126.0,0.0,0,0.0,0,1,0
lovewife1314,0,0,0.0,1,0.0229,0.0,250.0,50.0441,1,1,126.0,0.0,0,0.0,0,1,0
lovewifeface,0,0,0.0,1,0.2107,0.0,250.0,50.086,1,1,126.0,0.0,0,0.0,0,1,0
lovewildgirl,0,0,0.0,1,0.0215,0.0,250.0,50.0468,1,1,126.0,0.0,0,0.0,0,1,0
lovingwallet,0,0,0.0,1,0.0211,0.0,200.0,25.0,1,1,108.0,0.0,0,0.0,0,1,0
luckydrawbox,0,0,0.0,1,0.0211,0.0,250.0,25.0,1,1,108.0,0.0,0,0.0,0,1,0
luckyqingdao,0,0,0.0,1,0.0231,0.0,250.0,50.069,1,1,108.0,0.0,0,0.0,0,1,0
lueosyangmao,0,0,0.0,1,0.0516,0.0,450.0,0.0,0,1,54.0,0.0,0,0.0,0,1,0
mainbusiness,0,0,0.0,1,0.0211,0.0,250.0,25.0,1,1,108.0,0.0,0,0.0,0,1,0
mainnettoken,0,0,0.0,1,0.0211,0.0,250.0,50.0409,1,1,126.0,0.0,0,0.0,0,1,0
makegoodname,0,0,0.0,1,0.0211,0.0,200.0,25.0,1,1,108.0,0.0,0,0.0,0,1,0
makelovefuck,0,0,0.0,1,0.0229,0.0,250.0,50.0499,1,1,126.0,0.0,0,0.0,0,1,0
makelovegirl,0,0,0.0,1,0.0213,0.0,250.0,50.0398,1,1,126.0,0.0,0,0.0,0,1,0
makelovewife,0,0,0.0,1,0.0229,0.0,250.0,50.0113,1,1,126.0,0.0,0,0.0,0,1,0
mallmallmall,0,0,0.0,1,0.0211,0.0,250.0,25.0,1,1,108.0,0.0,0,0.0,0,1,0
marketbetter,0,0,0.0,1,0.0106,0.0,250.0,25.0,1,1,108.0,0.0,0,0.0,0,1,0
marrywithher,0,0,0.0,1,0.0215,0.0,250.0,50.0719,1,1,126.0,0.0,0,0.0,0,1,0
marrywithwho,0,0,0.0,1,0.0225,0.0,250.0,50.0139,1,1,126.0,0.0,0,0.0,0,1,0
marrywithyou,0,0,0.0,1,0.0225,0.0,250.0,50.0366,1,1,126.0,0.0,0,0.0,0,1,0
mathsteacher,0,0,0.0,1,0.2055,0.0,200.0,25.0,1,1,108.0,0.0,0,0.0,0,1,0
matrixwallet,0,0,1.0,1,0.02,0.0,415.0,0.0,1,1,90.0,0.0,0,0.0,0,1,0
maxmaxmaxmax,0,0,0.0,1,0.0222,0.0,250.0,25.0197,1,1,126.0,0.0,0,0.0,0,1,0
maxsidechain,0,0,0.0,1,0.0106,0.0,250.0,25.0,1,1,108.0,0.0,0,0.0,0,1,0
meetmeetmeet,0,0,0.0,1,0.0211,0.0,250.0,25.0,1,1,108.0,0.0,0,0.0,0,1,0
meetonegames,0,0,0.0,1,0.0227,0.0,250.0,50.0115,1,1,126.0,0.0,0,0.0,0,1,0
meettomorrow,0,0,0.0,1,0.0211,0.0,200.0,25.0,1,1,108.0,0.0,0,0.0,0,1,0
meetwithlove,0,0,0.0,1,0.0222,0.0,250.0,50.0395,1,1,126.0,0.0,0,0.0,0,1,0
meetyourking,0,0,0.0,1,0.0229,0.0,250.0,50.046,1,1,126.0,0.0,0,0.0,0,1,0
meiguogupiao,0,0,0.0,1,0.0,0.0,250.0,25.0,1,1,108.0,0.0,0,0.0,0,1,0
meishishijie,0,0,0.0,1,0.0106,0.0,250.0,25.0,1,1,108.0,0.0,0,0.0,0,1,0
meituangroup,0,0,0.0,1,0.001,0.0,250.0,50.0356,1,1,126.0,0.0,0,0.0,0,1,0
mengguhaijun,0,0,0.0,1,0.0,0.0,250.0,25.0,1,1,108.0,0.0,0,0.0,0,1,0
mgotiklxcwqn,0,0,0.0,1,18.0084,0.0,0.0,50.0,1,1,0.0,0.0,0,100.0,0,1,0
milkandhoney,0,0,0.0,1,0.0505,0.0,405.0,0.0,0,1,90.0,500.0,0,0.0,0,1,0
millionaire1,0,0,1.0,1,0.0485,0.0,460.0,0.0,1,1,90.0,0.0,0,0.0,0,1,0
millionaire2,0,0,1.0,1,0.0527,0.0,420.0,0.0,1,1,90.0,0.0,0,0.0,0,1,0
millionaire3,0,0,1.0,1,0.0485,0.0,435.0,0.0,1,1,72.0,0.0,0,0.0,0,1,0
millionaire4,0,0,1.0,1,0.0475,0.0,470.0,0.0,1,1,90.0,0.0,0,0.0,0,1,0
miningwallet,0,0,0.0,1,0.704,0.0,470.0,0.0,0,1,90.0,0.0,0,0.0,0,1,0
minminminmin,0,0,0.0,1,0.0221,0.0,200.0,50.0756,1,1,126.0,0.0,0,0.0,0,1,0
missyourface,0,0,0.0,1,0.0216,0.0,250.0,50.0553,1,1,126.0,0.0,0,0.0,0,1,0
mlwjlczvuncy,0,0,0.0,1,33.0033,0.0,0.0,50.0,1,1,0.0,0.0,0,50.0,0,1,0
mmmmaaaayyyy,0,0,0.0,1,0.0,0.0,425.0,0.0,1,1,54.0,0.0,0,0.0,0,1,0
mmmmoooopppp,0,0,0.0,1,0.0433,0.0,420.0,0.0,0,1,54.0,0.0,0,0.0,0,1,0
mobiledotcom,0,0,1.0,1,0.0,0.0,460.0,0.0,1,1,90.0,0.0,0,0.0,0,1,0
mobilenumber,0,0,1.0,1,0.0,0.0,440.0,0.0,1,1,90.0,0.0,0,0.0,0,1,0
mongolempire,0,0,0.0,1,0.0211,0.0,250.0,25.0,1,1,108.0,0.0,0,0.0,0,1,0
mongolianavy,0,0,0.0,1,0.0211,0.0,250.0,25.0,1,1,108.0,0.0,0,0.0,0,1,0
morefrontend,0,0,0.0,1,0.0,0.0,250.0,50.0991,1,1,126.0,0.0,0,0.0,0,1,0
moreoneteams,0,0,0.0,1,0.0227,0.0,250.0,50.0284,1,1,126.0,0.0,0,0.0,0,1,0
morethanmore,0,0,0.0,1,0.2109,0.0,250.0,50.0038,1,1,126.0,0.0,0,0.0,0,1,0
moretopteams,0,0,0.0,1,0.0219,0.0,250.0,50.0049,1,1,126.0,0.0,0,0.0,0,1,0
moretoptoken,0,0,0.0,1,0.0219,0.0,250.0,50.0571,1,1,126.0,0.0,0,0.0,0,1,0
mostbestwish,0,0,0.0,1,0.0213,0.0,250.0,50.0523,1,1,126.0,0.0,0,0.0,0,1,0
mostlovebaby,0,0,0.0,1,0.0227,0.0,250.0,50.0821,1,1,126.0,0.0,0,0.0,0,1,0
mostlovegirl,0,0,0.0,1,0.0,0.0,250.0,50.0779,1,1,126.0,0.0,0,0.0,0,1,0
mostlovewife,0,0,0.0,1,0.012,0.0,250.0,50.0276,1,1,126.0,0.0,0,0.0,0,1,0
mostluckyboy,0,0,0.0,1,0.0216,0.0,250.0,50.0567,1,1,126.0,0.0,0,0.0,0,1,0
mostluckydog,0,0,0.0,1,0.0216,0.0,250.0,50.0547,1,1,126.0,0.0,0,0.0,0,1,0
mpcpeocsbpeo,0,0,0.0,1,19.2373,0.0,0.0,50.0,1,1,0.0,0.0,0,50.0,0,1,0
multipurpose,0,0,1.0,1,0.0,0.0,460.0,0.0,1,1,90.0,0.0,0,0.0,0,1,0
mybackground,0,0,1.0,1,0.8551,0.0,450.0,0.0,1,1,90.0,0.0,0,0.0,0,1,0
mygeneration,0,0,0.0,1,0.0422,0.0,405.0,0.0,0,1,90.0,0.0,0,0.0,0,1,0
mylovelylady,0,0,0.0,1,0.0211,0.0,250.0,25.0,1,1,108.0,0.0,0,0.0,0,1,0
mylovelywife,0,0,0.0,1,0.0227,0.0,250.0,50.0918,1,1,126.0,0.0,0,0.0,0,1,0
mymobilecoin,0,0,0.0,1,0.0,0.0,460.0,0.0,1,1,90.0,0.0,0,0.0,0,1,0
myuniversity,0,0,1.0,1,0.0,0.0,470.0,0.0,1,1,90.0,0.0,0,0.0,0,1,0
myysehaammwj,0,0,0.0,1,21.556,0.0,0.0,50.0,1,1,0.0,0.0,0,50.0,0,1,0
nasdaqwallet,0,0,0.0,1,0.0443,0.0,370.0,0.0,0,1,90.0,0.0,0,0.0,0,1,0
ncjuaaodfldg,0,0,0.0,1,17.8388,8.0,0.0,25.0,1,1,0.0,0.0,0,150.0,0,1,0
neihanduanzi,0,0,0.0,1,0.0211,0.0,200.0,25.0,1,1,108.0,0.0,0,0.0,0,1,0
netpaywallet,0,0,0.0,1,0.038,0.0,460.0,0.0,0,1,72.0,0.0,0,0.0,0,1,0
newdexissuer,0,0,0.0,1,0.0475,0.0,415.0,0.0,0,1,54.0,0.0,0,0.0,0,1,0
newestwallet,0,0,0.0,1,0.0,0.0,250.0,25.0,1,1,108.0,0.0,0,0.0,0,1,0
nextnextnext,0,0,0.0,1,0.0211,0.0,250.0,25.0,1,1,108.0,0.0,0,0.0,0,1,0
nicestwallet,0,0,0.0,1,0.0211,0.0,200.0,25.0,1,1,108.0,0.0,0,0.0,0,1,0
nidebianwode,0,0,0.0,1,0.0211,0.0,200.0,25.0,1,1,108.0,0.0,0,0.0,0,1,0
nobodywallet,0,0,0.0,1,0.0211,0.0,250.0,25.0,1,1,108.0,0.0,0,0.0,0,1,0
nonracialism,0,0,1.0,1,0.0475,0.0,435.0,0.0,1,1,90.0,0.0,0,0.0,0,1,0
norwayforest,0,0,0.0,1,0.0227,0.0,250.0,50.0197,1,1,126.0,0.0,0,0.0,0,1,0
notifyplugin,0,0,0.0,1,0.0443,0.0,415.0,0.0,0,1,72.0,0.0,0,0.0,0,1,0
notingtofear,0,0,1.0,1,0.0,0.0,415.0,0.0,1,1,90.0,0.0,0,0.0,0,1,0
notingtolose,0,0,1.0,1,0.3901,0.0,405.0,0.0,1,1,90.0,0.0,0,0.0,0,1,0
nsmtvuhcvkbn,0,0,0.0,1,37.8273,0.0,0.0,250.0,1,1,0.0,0.0,0,50.0,0,1,0
nuoqfwjtdqfm,0,0,0.0,1,24.7131,0.0,0.0,50.0,1,1,0.0,0.0,0,50.0,0,1,0
oceanologist,0,0,1.0,1,0.0,0.0,460.0,0.0,1,1,90.0,0.0,0,0.0,0,1,0
ocijhwsqbuql,0,0,0.0,1,19.7004,0.0,0.0,50.0,1,1,0.0,0.0,0,50.0,0,1,0
odysseyofbos,0,0,1.0,1,0.0,0.0,405.0,0.0,1,1,90.0,0.0,0,0.0,0,1,0
odysseyofeos,0,0,1.0,1,0.0,0.0,415.0,0.0,1,1,90.0,0.0,0,0.0,0,1,0
officeonline,0,0,0.0,1,0.0,0.0,200.0,25.0,1,1,108.0,0.0,0,0.0,0,1,0
officepocket,0,0,0.0,1,0.0211,0.0,250.0,25.0,1,1,90.0,0.0,0,0.0,0,1,0
ohlovelybaby,0,0,0.0,1,0.2073,0.0,250.0,50.024,1,1,126.0,0.0,0,0.0,0,1,0
ohlovelygirl,0,0,0.0,1,0.0229,0.0,250.0,50.0436,1,1,108.0,0.0,0,0.0,0,1,0
onceuponabos,0,0,1.0,1,0.0422,0.0,405.0,0.0,1,1,90.0,0.0,0,0.0,0,1,0
onceuponaeos,0,0,1.0,1,0.0,0.0,385.0,0.0,1,1,90.0,0.0,0,0.0,0,1,0
oneeosonecar,0,0,0.0,1,0.0213,0.0,250.0,50.0807,1,1,126.0,0.0,0,0.0,0,1,0
onlineoffice,0,0,0.0,1,0.0211,0.0,250.0,25.0,1,1,108.0,0.0,0,0.0,0,1,0
onlylovebaby,0,0,0.0,1,0.0216,0.0,250.0,50.0082,1,1,108.0,0.0,0,0.0,0,1,0
onlylovewife,0,0,0.0,1,0.196,0.0,250.0,50.0041,1,1,126.0,0.0,0,0.0,0,1,0
ooqfjmtkxyfo,0,0,0.0,1,19.6005,0.0,0.0,50.0,1,1,0.0,0.0,0,50.0,0,1,0
openamerican,0,0,0.0,1,0.0211,0.0,250.0,50.0011,1,1,126.0,0.0,0,0.0,0,1,0
openhangzhou,0,0,0.0,1,0.0106,0.0,250.0,50.092,1,1,126.0,0.0,0,0.0,0,1,0
openshenzhen,0,0,0.0,1,0.0211,0.0,250.0,50.0023,1,1,126.0,0.0,0,0.0,0,1,0
opxnkmsuxcqb,0,0,0.0,1,16.0067,0.0,0.0,50.0,1,1,0.0,0.0,0,50.0,0,1,0
ourbravehero,0,0,0.0,1,0.0225,0.0,250.0,50.0326,1,1,126.0,0.0,0,0.0,0,1,0
packetwallet,0,0,0.0,1,0.0211,0.0,200.0,25.0,1,1,108.0,0.0,0,0.0,0,1,0
pandainchina,0,0,0.0,1,0.4006,0.0,250.0,25.0,1,1,108.0,0.0,0,0.0,0,1,0
payingwallet,0,0,0.0,1,0.0106,0.0,250.0,25.0,1,1,108.0,0.0,0,0.0,0,1,0
peoplepeople,0,0,0.0,1,0.0211,0.0,250.0,25.0,1,1,108.0,0.0,0,0.0,0,1,0
peopleperson,0,0,0.0,1,0.0211,0.0,250.0,25.0,1,1,108.0,0.0,0,0.0,0,1,0
peoplewallet,0,0,0.0,1,0.0,0.0,250.0,25.0,1,1,108.0,0.0,0,0.0,0,1,0
personwallet,0,0,1.0,1,0.0454,0.0,440.0,0.0,1,1,90.0,500.0,0,0.0,0,1,0
pfgylxtqgrgv,0,0,0.0,1,28.1149,0.0,0.0,50.0,1,1,0.0,0.0,0,50.0,0,1,0
pgteekocmutd,0,0,0.0,1,12.7811,0.0,0.0,0.0,1,1,0.0,0.0,0,50.0,0,1,0
philippinebp,0,0,0.0,1,0.0225,0.0,200.0,50.0936,1,1,108.0,0.0,0,0.0,0,1,0
playsnowball,0,0,0.0,1,0.0211,0.0,250.0,25.0,1,1,108.0,0.0,0,0.0,0,1,0
playveryhigh,0,0,0.0,1,0.0,0.0,250.0,25.0,1,1,108.0,0.0,0,0.0,0,1,0
pocketmarket,0,0,0.0,1,0.0,0.0,200.0,25.0,1,1,108.0,0.0,0,0.0,0,1,0
pocketoffice,0,0,0.0,1,0.195,0.0,250.0,25.0,1,1,108.0,0.0,0,0.0,0,1,0
pocketonline,0,0,0.0,1,0.0211,0.0,250.0,25.0,1,1,108.0,0.0,0,0.0,0,1,0
pocketwallet,0,0,0.0,1,0.0211,0.0,250.0,25.0,1,1,108.0,0.0,0,0.0,0,1,0
precaculated,0,0,1.0,1,0.3901,0.0,460.0,0.0,1,1,90.0,0.0,0,0.0,0,1,0
predecessor1,0,0,1.0,1,0.0,0.0,415.0,0.0,1,1,90.0,0.0,0,0.0,0,1,0
predominance,0,0,0.0,1,0.0422,0.0,385.0,0.0,0,1,90.0,0.0,0,0.0,0,1,0
presciencbos,0,0,1.0,1,0.0,0.0,415.0,0.0,1,1,90.0,0.0,0,0.0,0,1,0
prescienceos,0,0,1.0,1,0.0,0.0,420.0,0.0,1,1,90.0,0.0,0,0.0,0,1,0
presentiment,0,0,1.0,1,0.0,0.0,405.0,0.0,1,1,90.0,0.0,0,0.0,0,1,0
prevailingos,0,0,1.0,1,0.0,0.0,405.0,0.0,1,1,90.0,0.0,0,0.0,0,1,0
pzhjiwapbcwn,0,0,0.0,1,40.7471,2.0,0.0,50.0,1,1,0.0,0.0,0,75.0039,0,1,0
qingtingwode,0,0,0.0,1,0.1986,0.0,250.0,25.0,1,1,108.0,0.0,0,0.0,0,1,0
qinqinbaobei,0,0,0.0,1,0.0211,0.0,250.0,25.0,1,1,108.0,0.0,0,0.0,0,1,0
quicksupport,0,0,0.0,1,0.0211,0.0,250.0,25.0,1,1,108.0,0.0,0,0.0,0,1,0
quitarwallet,0,0,1.0,1,0.0,0.0,460.0,0.0,1,1,90.0,0.0,0,0.0,0,1,0
qwoxyzwtjldt,0,0,0.0,1,15.848,0.0,0.0,50.0,1,1,0.0,0.0,0,50.0,0,1,0
ramfeewallet,0,0,1.0,1,0.3901,0.0,415.0,0.0,1,1,90.0,0.0,0,0.0,0,1,0
randomrandom,0,0,0.0,1,0.0211,0.0,250.0,25.0,1,1,108.0,0.0,0,0.0,0,1,0
randomwallet,0,0,0.0,1,0.1913,0.0,250.0,25.0,1,1,108.0,0.0,0,0.0,0,1,0
rbxrizbwbgmf,0,0,0.0,1,17.3891,0.0,0.0,50.0,1,1,0.0,0.0,0,50.0,0,1,0
reallywallet,0,0,1.0,1,0.0,0.0,385.0,0.0,1,1,90.0,0.0,0,0.0,0,1,0
redhappiness,0,0,0.0,1,0.0211,0.0,250.0,25.0,1,1,108.0,0.0,0,0.0,0,1,0
redloveheart,0,0,0.0,1,0.0211,0.0,250.0,25.0,1,1,108.0,0.0,0,0.0,0,1,0
reliabledice,0,0,0.0,1,0.0106,0.0,250.0,25.0,1,1,90.0,0.0,0,0.0,0,1,0
reliablegame,0,0,0.0,1,0.0211,0.0,250.0,25.0,1,1,108.0,0.0,0,0.0,0,1,0
reliablehero,0,0,0.0,1,0.0,0.0,250.0,25.0,1,1,108.0,0.0,0,0.0,0,1,0
reliablewife,0,0,0.0,1,0.0211,0.0,200.0,25.0,1,1,108.0,0.0,0,0.0,0,1,0
renminwansui,0,0,0.0,1,0.0211,0.0,200.0,25.0,1,1,108.0,0.0,0,0.0,0,1,0
renrenchaobi,0,0,0.0,1,0.0106,0.0,200.0,25.0,1,1,108.0,0.0,0,0.0,0,1,0
resdjsqwcugp,0,0,0.0,1,17.1356,0.0,0.0,50.0,1,1,0.0,0.0,0,50.0,0,1,0
reservoirbos,0,0,1.0,1,0.0485,0.0,420.0,0.0,1,1,90.0,0.0,0,0.0,0,1,0
returnwallet,0,0,0.0,1,0.0,0.0,200.0,25.0,1,1,108.0,0.0,0,0.0,0,1,0
revolutionos,0,0,1.0,1,0.0,0.0,370.0,0.0,1,1,90.0,0.0,0,0.0,0,1,0
rfdytxkouydn,0,0,0.0,1,22.612,0.0,0.0,50.0,1,1,0.0,0.0,0,50.0,0,1,0
rhywwitlphkv,0,0,0.0,1,14.4584,2.0,0.0,50.0,1,1,0.0,0.0,0,50.0,0,1,0
richardnixon,0,0,1.0,1,0.0158,0.0,390.0,0.0,1,1,90.0,0.0,0,0.0,0,1,0
ringkingback,0,0,0.0,1,0.0,0.0,250.0,50.0663,1,1,126.0,0.0,0,0.0,0,1,0
rlsylqmikgbb,0,0,0.0,1,25.5189,0.0,0.0,100.0,1,1,0.0,0.0,0,50.0,0,1,0
roihfvujrqhv,0,0,0.0,1,17.9191,0.0,0.0,50.0,1,1,0.0,0.0,0,50.0,0,1,0
rxvoidwyvrtr,1,1,0.0,1,0.2497,0.0,0.0,0.0,1,0,0.0,0.0,1,0.0,1,1,1
safesafesafe,0,0,0.0,1,0.0211,0.0,250.0,25.0,1,1,108.0,0.0,0,0.0,0,1,0
safestwallet,0,0,0.0,1,0.0211,0.0,250.0,25.0,1,1,108.0,0.0,0,0.0,0,1,0
sailorwallet,0,0,1.0,1,0.0,0.0,430.0,0.0,1,1,90.0,0.0,0,0.0,0,1,0
salarywallet,0,0,1.0,1,0.0,0.0,370.0,0.0,1,1,72.0,0.0,0,0.0,0,1,0
samesamesame,0,0,0.0,1,0.0211,0.0,250.0,25.0,1,1,108.0,0.0,0,0.0,0,1,0
searchwallet,0,0,0.0,1,0.0211,0.0,250.0,25.0,1,1,108.0,0.0,0,0.0,0,1,0
securityswap,0,0,0.0,1,0.0211,0.0,250.0,25.0,1,1,108.0,0.0,0,0.0,0,1,0
seismologist,0,0,1.0,1,0.0,0.0,415.0,0.0,1,1,90.0,0.0,0,0.0,0,1,0
sellaccounts,0,0,0.0,1,0.0225,0.0,250.0,50.0818,1,1,126.0,0.0,0,0.0,0,1,0
sexilyenough,0,0,0.0,1,0.0216,0.0,250.0,50.0919,1,1,126.0,0.0,0,0.0,0,1,0
sgdnghumgjja,0,0,0.0,1,17.8816,0.0,0.0,50.0,1,1,0.0,0.0,0,25.0,0,1,0
shadowwallet,0,0,1.0,1,0.0338,0.0,460.0,0.0,1,1,90.0,0.0,0,0.0,0,1,0
shanghaibang,0,0,0.0,1,0.0211,0.0,250.0,25.0,1,1,108.0,0.0,0,0.0,0,1,0
shanghaihero,0,0,0.0,1,0.0124,0.0,250.0,50.0466,1,1,126.0,0.0,0,0.0,0,1,0
shanghaishow,0,0,0.0,1,0.0211,0.0,250.0,50.0192,1,1,126.0,0.0,0,0.0,0,1,0
shellcapital,0,0,0.0,1,0.0219,0.0,200.0,50.0121,1,1,126.0,0.0,0,0.0,0,1,0
shenzhenhero,0,0,0.0,1,0.0,0.0,250.0,50.0403,1,1,108.0,0.0,0,0.0,0,1,0
shenzhenshow,0,0,0.0,1,0.2091,0.0,250.0,50.0339,1,1,126.0,0.0,0,0.0,0,1,0
shgovernment,0,0,0.0,1,0.0111,0.0,250.0,50.0034,1,1,108.0,0.0,0,0.0,0,1,0
showyourcode,0,0,0.0,1,0.0,0.0,250.0,50.0,1,1,126.0,0.0,0,0.0,0,1,0
shuangbaotai,0,0,0.0,1,0.4466,0.0,385.0,0.0,0,1,54.0,0.0,0,0.0,0,1,0
shuxuelaoshi,0,0,0.0,1,0.0211,0.0,250.0,25.0,1,1,108.0,0.0,0,0.0,0,1,0
shuzibanquan,0,0,0.0,1,0.0,0.0,200.0,25.0,1,1,108.0,0.0,0,0.0,0,1,0
shuzibaoxian,0,0,0.0,1,0.0211,0.0,250.0,25.0,1,1,108.0,0.0,0,0.0,0,1,0
shuzixiaofei,0,0,0.0,1,0.0211,0.0,250.0,25.0,1,1,108.0,0.0,0,0.0,0,1,0
sidechainbtc,0,0,0.0,1,0.1949,0.0,250.0,25.0,1,1,108.0,0.0,0,0.0,0,1,0
sidechaineth,0,0,0.0,1,0.0211,0.0,250.0,25.0,1,1,108.0,0.0,0,0.0,0,1,0
siliconalley,0,0,0.0,1,0.0454,0.0,385.0,0.0,0,1,90.0,0.0,0,0.0,0,1,0
simplepocket,0,0,0.0,1,0.0,0.0,250.0,25.0,1,1,108.0,0.0,0,0.0,0,1,0
singlepocket,0,0,0.0,1,0.0211,0.0,250.0,25.0,1,1,108.0,0.0,0,0.0,0,1,0
sjsoktwsberf,0,0,0.0,1,15.1685,0.0,0.0,50.0,1,1,0.0,0.0,0,50.0,0,1,0
slamdunkstar,0,0,0.0,1,0.0106,0.0,250.0,25.0,1,1,108.0,0.0,0,0.0,0,1,0
snowballroll,0,0,0.0,1,0.0106,0.0,250.0,25.0,1,1,108.0,0.0,0,0.0,0,1,0
snowballsite,0,0,0.0,1,0.0211,0.0,250.0,25.0,1,1,108.0,0.0,0,0.0,0,1,0
sochazwpsvhl,0,0,0.0,1,28.0932,0.0,0.0,50.0,1,1,0.0,0.0,0,50.0,0,1,0
spacequestbp,0,0,0.0,1,0.0211,0.0,250.0,25.0,1,1,108.0,0.0,0,0.0,0,1,0
spainwillwin,0,0,0.0,1,0.0216,0.0,250.0,50.0176,1,1,126.0,0.0,0,0.0,0,1,0
speedcapital,0,0,0.0,1,0.0222,0.0,200.0,50.0381,1,1,126.0,0.0,0,0.0,0,1,0
speedonefund,0,0,0.0,1,0.0225,0.0,200.0,50.0003,1,1,108.0,0.0,0,0.0,0,1,0
spiritspirit,0,0,0.0,1,0.0106,0.0,250.0,25.0,1,1,108.0,0.0,0,0.0,0,1,0
spiritwallet,0,0,1.0,1,0.0,0.0,415.0,0.0,1,1,72.0,0.0,0,0.0,0,1,0
springwallet,0,0,1.0,1,0.0,0.0,385.0,0.0,1,1,54.0,0.0,0,0.0,0,1,0
ssgwelqtogma,0,0,0.0,1,16.7209,0.0,0.0,50.0,1,1,0.0,0.0,0,50.0,0,1,0
sssseeeexxxx,0,0,0.0,1,0.0475,0.0,415.0,0.0,0,1,54.0,0.0,0,0.0,0,1,0
sssshhhheeee,0,0,0.0,1,0.0496,0.0,405.0,0.0,0,1,72.0,500.0,0,0.0,0,1,0
stakedwallet,0,0,1.0,1,0.0,0.0,460.0,0.0,1,1,90.0,0.0,0,0.0,0,1,0
starteos1314,0,0,0.0,1,0.0433,0.0,370.0,0.0,0,1,72.0,0.0,0,0.0,0,1,0
stillloveyou,0,0,1.0,1,0.0,0.0,405.0,0.0,1,1,90.0,0.0,0,0.0,0,1,0
streamwallet,0,0,1.0,1,0.0274,0.0,470.0,0.0,1,1,90.0,0.0,0,0.0,0,1,0
streetlights,0,0,0.0,1,0.0433,0.0,405.0,0.0,0,1,90.0,0.0,0,0.0,0,1,0
studiowallet,0,0,1.0,1,0.0,0.0,405.0,0.0,1,1,90.0,0.0,0,0.0,0,1,0
suityourself,0,0,0.0,1,0.0216,0.0,250.0,50.0404,1,1,126.0,0.0,0,0.0,0,1,0
summerwallet,0,0,1.0,1,0.039,0.0,420.0,0.0,1,1,90.0,0.0,0,0.0,0,1,0
superbeijing,0,0,0.0,1,0.0106,0.0,250.0,25.0,1,1,108.0,0.0,0,0.0,0,1,0
superchinese,0,0,0.0,1,0.2063,0.0,250.0,50.0426,1,1,126.0,0.0,0,0.0,0,1,0
superheroboy,0,0,0.0,1,0.0108,0.0,250.0,50.0836,1,1,126.0,0.0,0,0.0,0,1,0
suzhouwallet,0,0,0.0,1,0.1808,0.0,250.0,25.0,1,1,108.0,0.0,0,0.0,0,1,0
symbolwallet,0,0,1.0,1,0.0,0.0,450.0,0.0,1,1,90.0,0.0,0,0.0,0,1,0
taizhouchina,0,0,0.0,1,0.0211,0.0,200.0,25.0,1,1,108.0,0.0,0,0.0,0,1,0
takeyourhand,0,0,0.0,1,0.0211,0.0,250.0,25.0,1,1,108.0,0.0,0,0.0,0,1,0
tangjinghang,0,0,1.0,1,0.0464,0.0,450.0,0.0,1,1,90.0,0.0,0,0.0,0,1,0
thatsclassic,0,0,0.0,1,0.0527,0.0,405.0,0.0,0,1,90.0,0.0,0,0.0,0,1,0
the1stwallet,0,0,0.0,1,0.0464,0.0,370.0,0.0,0,1,90.0,0.0,0,0.0,0,1,0
the2ndwallet,0,0,0.0,1,0.038,0.0,430.0,0.0,0,1,90.0,0.0,0,0.0,0,1,0
the3rdwallet,0,0,0.0,1,0.038,0.0,460.0,0.0,0,1,90.0,0.0,0,0.0,0,1,0
the4thwallet,0,0,0.0,1,0.0443,0.0,415.0,0.0,0,1,90.0,0.0,0,0.0,0,1,0
the52hzwhale,0,0,0.0,1,0.0274,0.0,470.0,0.0,0,1,90.0,0.0,0,0.0,0,1,0
the5thwallet,0,0,0.0,1,0.0454,0.0,450.0,0.0,0,1,90.0,0.0,0,0.0,0,1,0
thedappstore,0,0,0.0,1,0.0311,0.0,280.0,50.0392,1,1,126.0,0.0,0,0.0,0,1,0
thefirstdate,0,0,0.0,1,0.0218,0.0,250.0,0.0,0,1,108.0,0.0,0,0.0,0,1,0
thefirstgame,0,0,0.0,1,0.0211,0.0,200.0,25.0,1,1,108.0,0.0,0,0.0,0,1,0
thefirstgril,0,0,0.0,1,0.0211,0.0,250.0,25.0,1,1,108.0,0.0,0,0.0,0,1,0
thefirstkiss,0,0,0.0,1,0.0211,0.0,200.0,25.0,1,1,108.0,0.0,0,0.0,0,1,0
thefirstlove,0,0,0.0,1,0.0211,0.0,250.0,25.0,1,1,108.0,0.0,0,0.0,0,1,0
thefirstnoel,0,0,0.0,1,0.0211,0.0,200.0,25.0,1,1,108.0,0.0,0,0.0,0,1,0
thefirstshop,0,0,0.0,1,0.0211,0.0,200.0,25.0,1,1,108.0,0.0,0,0.0,0,1,0
thefirstsnow,0,0,0.0,1,0.0211,0.0,250.0,25.0,1,1,108.0,0.0,0,0.0,0,1,0
thefirststep,0,0,0.0,1,0.2102,0.0,250.0,50.0779,1,1,126.0,0.0,0,0.0,0,1,0
theflatworld,0,0,0.0,1,0.0211,0.0,250.0,25.0,1,1,108.0,0.0,0,0.0,0,1,0
themostbrave,0,0,0.0,1,0.0211,0.0,250.0,25.0,1,1,108.0,0.0,0,0.0,0,1,0
themostcrazy,0,0,0.0,1,0.0,0.0,250.0,25.0,1,1,108.0,0.0,0,0.0,0,1,0
themosthappy,0,0,0.0,1,0.0211,0.0,250.0,25.0,1,1,108.0,0.0,0,0.0,0,1,0
themostlucky,0,0,0.0,1,0.0211,0.0,250.0,25.0,1,1,108.0,0.0,0,0.0,0,1,0
themostsmart,0,0,0.0,1,0.0106,0.0,250.0,25.0,1,1,108.0,0.0,0,0.0,0,1,0
thinkaboutit,0,0,1.0,1,0.0,0.0,440.0,0.0,1,1,72.0,0.0,0,0.0,0,1,0
thinknothing,0,0,0.0,1,0.0211,0.0,250.0,25.0,1,1,108.0,0.0,0,0.0,0,1,0
thqkpnzzqvwi,0,0,0.0,1,24.1807,0.0,0.0,50.0,1,1,0.0,0.0,0,75.0,0,1,0
threesixzero,0,0,0.0,1,0.0215,0.0,250.0,50.0184,1,1,126.0,0.0,0,0.0,0,1,0
thscrdyqjlhl,0,0,0.0,1,15.971,0.0,0.0,50.0,1,1,0.0,0.0,0,25.0,0,1,0
tianjindaxue,0,0,0.0,1,0.0222,0.0,200.0,25.0444,1,1,126.0,0.0,0,0.0,0,1,0
tianpinglian,0,0,0.0,1,0.0106,0.0,250.0,50.0936,1,1,126.0,0.0,0,0.0,0,1,0
tianshitouzi,0,0,0.0,1,0.0211,0.0,250.0,25.0,1,1,108.0,0.0,0,0.0,0,1,0
tiantianxiao,0,0,0.0,1,0.0111,0.0,250.0,50.0387,1,1,126.0,0.0,0,0.0,0,1,0
tobeagoodman,0,0,0.0,1,0.0422,0.0,385.0,0.0,0,1,90.0,0.0,0,0.0,0,1,0
tokeneosusdt,0,0,0.0,1,0.0211,0.0,250.0,25.0,1,1,108.0,0.0,0,0.0,0,1,0
tokyohotclub,0,0,0.0,1,0.3566,0.0,250.0,0.0,0,1,54.0,0.0,0,0.0,0,1,0
tokyohotdapp,0,0,0.0,1,0.0,0.0,305.0,0.0,1,1,72.0,500.0,0,0.0,0,1,0
tokyohotgame,0,0,0.0,1,0.0443,0.0,420.0,0.0,0,1,54.0,0.0,0,0.0,0,1,0
tokyohotgirl,0,0,0.0,1,0.0295,0.0,300.0,0.0,0,1,54.0,0.0,0,0.0,0,1,0
tongchengbao,0,0,0.0,1,0.0106,0.0,250.0,25.0,1,1,108.0,0.0,0,0.0,0,1,0
tongchenghui,0,0,0.0,1,0.0211,0.0,250.0,25.0,1,1,108.0,0.0,0,0.0,0,1,0
topbtcwallet,0,0,0.0,1,0.0231,0.0,250.0,50.041,1,1,126.0,0.0,0,0.0,0,1,0
topofthelife,0,0,0.0,1,0.0211,0.0,200.0,25.0,1,1,108.0,0.0,0,0.0,0,1,0
topoftherock,0,0,0.0,1,0.0211,0.0,250.0,25.0,1,1,108.0,0.0,0,0.0,0,1,0
touzijiqiren,0,0,0.0,1,0.0211,0.0,250.0,25.0,1,1,108.0,0.0,0,0.0,0,1,0
touzipingtai,0,0,0.0,1,0.0211,0.0,250.0,25.0,1,1,108.0,0.0,0,0.0,0,1,0
tradeaccount,0,0,0.0,1,0.0111,0.0,250.0,50.0088,1,1,126.0,0.0,0,0.0,0,1,0
tradingrobot,0,0,0.0,1,0.0106,0.0,200.0,25.0,1,1,108.0,0.0,0,0.0,0,1,0
travelaround,0,0,0.0,1,0.0211,0.0,250.0,50.0321,1,1,126.0,0.0,0,0.0,0,1,0
truelovebaby,0,0,0.0,1,0.0219,0.0,250.0,50.0228,1,1,126.0,0.0,0,0.0,0,1,0
truelovegame,0,0,0.0,1,0.0225,0.0,250.0,50.074,1,1,108.0,0.0,0,0.0,0,1,0
truelovegril,0,0,0.0,1,0.0227,0.0,250.0,50.0284,1,1,108.0,0.0,0,0.0,0,1,0
truelovewife,0,0,0.0,1,0.0008,0.0,250.0,50.0329,1,1,126.0,0.0,0,0.0,0,1,0
truetruetrue,0,0,0.0,1,0.0,0.0,250.0,25.0,1,1,108.0,0.0,0,0.0,0,1,0
uareluckydog,0,0,0.0,1,0.0106,0.0,250.0,50.0718,1,1,126.0,0.0,0,0.0,0,1,0
unstoppable1,0,0,1.0,1,0.0,0.0,430.0,0.0,1,1,72.0,0.0,0,0.0,0,1,0
unstoppable2,0,0,1.0,1,0.0,0.0,460.0,0.0,1,1,90.0,0.0,0,0.0,0,1,0
unstoppable3,0,0,1.0,1,0.0,0.0,415.0,0.0,1,1,90.0,0.0,0,0.0,0,1,0
unstoppable5,0,0,1.0,1,0.0,0.0,450.0,0.0,1,1,90.0,0.0,0,0.0,0,1,0
usdchangeeos,0,0,0.0,1,0.0211,0.0,250.0,50.0858,1,1,126.0,0.0,0,0.0,0,1,0
userpassword,0,0,0.0,1,1.1259,0.0,450.0,0.0,0,1,72.0,0.0,0,0.0,0,1,0
uzfzmmzdolhn,0,0,0.0,1,17.7098,0.0,0.0,50.0,1,1,0.0,0.0,0,50.0,0,1,0
vaktholdings,0,0,0.0,1,0.0211,0.0,200.0,25.0,1,1,90.0,0.0,0,0.0,0,1,0
vbjyrdtxpzzv,0,0,0.0,1,15.9357,0.0,0.0,0.0,1,1,0.0,0.0,0,0.0,0,1,0
verybestbaby,0,0,0.0,1,0.0126,0.0,250.0,50.0088,1,1,126.0,0.0,0,0.0,0,1,0
verybestgril,0,0,0.0,1,0.2099,0.0,250.0,50.029,1,1,126.0,0.0,0,0.0,0,1,0
verygoodbaby,0,0,0.0,1,0.0227,0.0,250.0,50.0434,1,1,126.0,0.0,0,0.0,0,1,0
verygoodgril,0,0,0.0,1,0.0225,0.0,250.0,50.0029,1,1,126.0,0.0,0,0.0,0,1,0
verylovebaby,0,0,0.0,1,0.0216,0.0,250.0,50.091,1,1,126.0,0.0,0,0.0,0,1,0
verylovewife,0,0,0.0,1,0.0124,0.0,250.0,50.0832,1,1,126.0,0.0,0,0.0,0,1,0
veryluckydog,0,0,0.0,1,0.0221,0.0,250.0,50.0655,1,1,126.0,0.0,0,0.0,0,1,0
veryluckyguy,0,0,0.0,1,0.0219,0.0,250.0,50.0601,1,1,126.0,0.0,0,0.0,0,1,0
verypuregirl,0,0,0.0,1,0.0221,0.0,250.0,50.0329,1,1,126.0,0.0,0,0.0,0,1,0
verysexygirl,0,0,0.0,1,0.0229,0.0,250.0,50.0385,1,1,126.0,0.0,0,0.0,0,1,0
verysexylady,0,0,0.0,1,0.0227,0.0,250.0,50.0253,1,1,126.0,0.0,0,0.0,0,1,0
veryverywell,0,0,0.0,1,0.0211,0.0,200.0,25.0,1,1,108.0,0.0,0,0.0,0,1,0
vicugnapacos,0,0,1.0,1,0.0,0.0,425.0,0.0,1,1,90.0,0.0,0,0.0,0,1,0
vivovivovivo,0,0,0.0,1,0.0227,0.0,250.0,50.0267,1,1,126.0,0.0,0,0.0,0,1,0
voiceofchina,0,0,0.0,1,0.1913,0.0,250.0,25.0,1,1,108.0,0.0,0,0.0,0,1,0
votevotevote,0,0,0.0,1,0.0211,0.0,250.0,25.0,1,1,108.0,0.0,0,0.0,0,1,0
vptjijaubjss,0,0,0.0,1,23.3165,0.0,0.0,50.0,1,1,0.0,0.0,0,50.0,0,1,0
vrsgqgxujjow,0,0,0.0,1,21.7581,0.0,0.0,50.0,1,1,0.0,0.0,0,50.0,0,1,0
wakuangyouxi,0,0,0.0,1,0.0211,0.0,250.0,25.0,1,1,108.0,0.0,0,0.0,0,1,0
walkworkword,0,0,0.0,1,0.2091,0.0,250.0,25.0,1,1,108.0,0.0,0,0.0,0,1,0
walletmobile,0,0,1.0,1,0.0443,0.0,420.0,0.0,1,1,90.0,0.0,0,0.0,0,1,0
wangfengying,0,0,0.0,1,0.0211,0.0,250.0,25.0,1,1,108.0,0.0,0,0.0,0,1,0
wangguixiang,0,0,0.0,1,0.0211,0.0,200.0,25.0,1,1,108.0,0.0,0,0.0,0,1,0
wangluogouwu,0,0,0.0,1,0.0106,0.0,250.0,25.0,1,1,108.0,0.0,0,0.0,0,1,0
wangluoyouxi,0,0,0.0,1,0.0211,0.0,250.0,25.0,1,1,108.0,0.0,0,0.0,0,1,0
wangluozhifu,0,0,0.0,1,0.3415,0.0,250.0,25.0,1,1,108.0,0.0,0,0.0,0,1,0
wantyourlove,0,0,0.0,1,0.0221,0.0,250.0,50.0666,1,1,126.0,0.0,0,0.0,0,1,0
wcrqcrdsgoeo,0,0,0.0,1,25.0934,0.0,0.0,50.0,1,1,0.0,0.0,0,75.0,0,1,0
wdpezdzohgio,0,0,0.0,1,15.9972,0.0,0.0,50.0,1,1,0.0,0.0,0,50.0,0,1,0
wechatpay123,0,0,0.0,1,0.0106,0.0,250.0,25.0,1,1,108.0,0.0,0,0.0,0,1,0
weimitianshi,0,0,0.0,1,0.0211,0.0,250.0,25.0,1,1,108.0,0.0,0,0.0,0,1,0
weiqiguoshou,0,0,0.0,1,0.0106,0.0,250.0,50.0,1,1,126.0,0.0,0,0.0,0,1,0
whaleexcandy,0,0,0.0,1,0.0225,0.0,250.0,50.0017,1,1,126.0,0.0,0,0.0,0,1,0
whaleexgroup,0,0,0.0,1,0.0,0.0,250.0,25.0,1,1,108.0,0.0,0,0.0,0,1,0
whaleextrade,0,0,0.0,1,0.2096,0.0,250.0,50.0319,1,1,126.0,0.0,0,0.0,0,1,0
whynotalipay,0,0,0.0,1,0.0211,0.0,250.0,25.0,1,1,108.0,0.0,0,0.0,0,1,0
whynotgoogle,0,0,0.0,1,0.0211,0.0,250.0,25.0,1,1,108.0,0.0,0,0.0,0,1,0
whywhywhywhy,0,0,0.0,1,0.6016,0.0,415.0,0.0,0,1,54.0,0.0,0,0.0,0,1,0
wifecometrue,0,0,0.0,1,0.0213,0.0,250.0,50.095,1,1,126.0,0.0,0,0.0,0,1,0
wifewifewife,0,0,0.0,1,0.1949,0.0,200.0,25.0,1,1,108.0,0.0,0,0.0,0,1,0
willingheart,0,0,0.0,1,0.0106,0.0,250.0,25.0,1,1,108.0,0.0,0,0.0,0,1,0
windowwallet,0,0,1.0,1,0.0,0.0,440.0,0.0,1,1,90.0,0.0,0,0.0,0,1,0
wineredheart,0,0,0.0,1,0.0443,0.0,425.0,0.0,0,1,90.0,0.0,0,0.0,0,1,0
wininbeijing,0,0,0.0,1,0.0213,0.0,250.0,50.0863,1,1,126.0,0.0,0,0.0,0,1,0
wininbritain,0,0,0.0,1,0.0222,0.0,250.0,50.0823,1,1,126.0,0.0,0,0.0,0,1,0
wininenglish,0,0,0.0,1,0.0005,0.0,250.0,50.0661,1,1,126.0,0.0,0,0.0,0,1,0
winingermany,0,0,0.0,1,0.0219,0.0,250.0,50.0722,1,1,126.0,0.0,0,0.0,0,1,0
winnerinlife,0,0,0.0,1,0.0229,0.0,200.0,50.0104,1,1,126.0,0.0,0,0.0,0,1,0
winneroflife,0,0,0.0,1,0.0,0.0,200.0,50.0033,1,1,126.0,0.0,0,0.0,0,1,0
winningineos,0,0,0.0,1,0.0222,0.0,200.0,50.0061,1,1,126.0,0.0,0,0.0,0,1,0
winterwallet,0,0,1.0,1,0.3901,0.0,415.0,0.0,1,1,90.0,0.0,0,0.0,0,1,0
wisdomwallet,0,0,1.0,1,0.0,0.0,460.0,0.0,1,1,90.0,0.0,0,0.0,0,1,0
wisewidewife,0,0,0.0,1,0.012,0.0,250.0,50.0536,1,1,126.0,0.0,0,0.0,0,1,0
wisewildwife,0,0,0.0,1,0.0216,0.0,250.0,50.0322,1,1,126.0,0.0,0,0.0,0,1,0
wishthislove,0,0,0.0,1,0.0454,0.0,450.0,0.0,0,1,90.0,0.0,0,0.0,0,1,0
withoutannoy,0,0,0.0,1,0.0211,0.0,250.0,25.0,1,1,108.0,0.0,0,0.0,0,1,0
wodebiannide,0,0,0.0,1,0.0211,0.0,250.0,25.0,1,1,108.0,0.0,0,0.0,0,1,0
wodiaonidaye,0,0,0.0,1,0.0215,0.0,250.0,50.0,1,1,126.0,0.0,0,0.0,0,1,0
woqunidayede,0,0,0.0,1,0.0216,0.0,250.0,50.09,1,1,126.0,0.0,0,0.0,0,1,0
woshilaowang,0,0,0.0,1,0.1878,0.0,200.0,25.0,1,1,108.0,0.0,0,0.0,0,1,0
woyaodashang,0,0,0.0,1,0.0211,0.0,250.0,25.0,1,1,108.0,0.0,0,0.0,0,1,0
woyaoshoufei,0,0,0.0,1,0.0211,0.0,200.0,25.0,1,1,108.0,0.0,0,0.0,0,1,0
woyaotoupiao,0,0,0.0,1,0.0211,0.0,250.0,25.0,1,1,108.0,0.0,0,0.0,0,1,0
wwwamazoncom,0,0,0.0,1,0.0222,0.0,250.0,25.0629,1,1,126.0,0.0,0,0.0,0,1,0
wwwjgimzjqyg,0,0,0.0,1,22.9341,0.0,0.0,50.0,1,1,0.0,0.0,0,25.0,0,1,0
wwwweeeebbbb,0,0,0.0,1,0.039,0.0,405.0,0.0,0,1,54.0,0.0,0,0.0,0,1,0
wwwwhhhhyyyy,0,0,0.0,1,0.038,0.0,470.0,0.0,0,1,36.0,0.0,0,0.0,0,1,0
wwwwiiiinnnn,0,0,1.0,1,0.0,0.0,450.0,0.0,1,1,36.0,0.0,0,0.0,0,1,0
wwwwoooowwww,0,0,0.0,1,0.038,0.0,385.0,0.0,0,1,54.0,0.0,0,0.0,0,1,0
xavgkyfbhqvj,0,0,0.0,1,18.4424,0.0,0.0,50.0,1,1,0.0,0.0,0,50.0,0,1,0
xianggangshi,0,0,0.0,1,0.0211,0.0,250.0,25.0,1,1,108.0,0.0,0,0.0,0,1,0
xiaoduzaijia,0,0,0.0,1,0.2055,0.0,250.0,25.0,1,1,108.0,0.0,0,0.0,0,1,0
xiaoyuzaijia,0,0,0.0,1,0.0211,0.0,250.0,25.0,1,1,108.0,0.0,0,0.0,0,1,0
xiaozhupeiqi,0,0,0.0,1,0.0116,0.0,200.0,50.0871,1,1,126.0,0.0,0,0.0,0,1,0
xinxinrenlei,0,0,0.0,1,0.0211,0.0,250.0,25.0,1,1,108.0,0.0,0,0.0,0,1,0
xinyuanjieyi,0,0,0.0,1,0.0211,0.0,200.0,25.0,1,1,108.0,0.0,0,0.0,0,1,0
xiwanghaizai,0,0,0.0,1,0.1949,0.0,250.0,25.0,1,1,90.0,0.0,0,0.0,0,1,0
xlecufzjiypo,0,0,0.0,1,20.3222,0.0,0.0,50.0,1,1,0.0,0.0,0,50.0,0,1,0
xomhfmjnyfyb,0,0,0.0,1,17.6826,0.0,0.0,50.0,1,1,0.0,0.0,0,50.0,0,1,0
xueqiugupiao,0,0,0.0,1,0.0211,0.0,250.0,25.0,1,1,108.0,0.0,0,0.0,0,1,0
xuexipingtai,0,0,0.0,1,0.0211,0.0,250.0,25.0,1,1,108.0,0.0,0,0.0,0,1,0
yfrhoeokkbfj,0,0,0.0,1,14.975,2.0,0.0,0.0,1,1,0.0,0.0,0,50.0,0,1,0
yiyelianmeng,0,0,0.0,1,0.0106,0.0,250.0,25.0,1,1,108.0,0.0,0,0.0,0,1,0
ynqmatnitskf,0,0,0.0,1,17.1048,0.0,0.0,50.0,1,1,0.0,0.0,0,50.0,0,1,0
youcanbuyone,0,0,0.0,1,0.0222,0.0,250.0,50.0257,1,1,126.0,0.0,0,0.0,0,1,0
youhearasong,0,0,0.0,1,0.0211,0.0,250.0,25.0,1,1,108.0,0.0,0,0.0,0,1,0
yourbestking,0,0,0.0,1,0.0116,0.0,250.0,50.0391,1,1,126.0,0.0,0,0.0,0,1,0
yourcuteface,0,0,0.0,1,0.203,0.0,250.0,50.0649,1,1,126.0,0.0,0,0.0,0,1,0
yourcutegirl,0,0,0.0,1,0.0221,0.0,250.0,50.0636,1,1,126.0,0.0,0,0.0,0,1,0
yourewelcome,0,0,1.0,1,0.0,0.0,405.0,0.0,1,1,90.0,0.0,0,0.0,0,1,0
yourkingback,0,0,0.0,1,0.0,0.0,250.0,50.0326,1,1,126.0,0.0,0,0.0,0,1,0
yourpuregirl,0,0,0.0,1,0.0,0.0,250.0,50.0794,1,1,126.0,0.0,0,0.0,0,1,0
youxipingtai,0,0,0.0,1,0.0211,0.0,250.0,25.0,1,1,108.0,0.0,0,0.0,0,1,0
youxishoufei,0,0,0.0,1,0.1913,0.0,200.0,25.0,1,1,108.0,0.0,0,0.0,0,1,0
yuwenjiaoshi,0,0,0.0,1,0.0,0.0,250.0,25.0,1,1,108.0,0.0,0,0.0,0,1,0
zaixianzhifu,0,0,0.0,1,0.0211,0.0,250.0,25.0,1,1,108.0,0.0,0,0.0,0,1,0
zcorporation,0,0,0.0,1,0.0211,0.0,250.0,25.0,1,1,108.0,0.0,0,0.0,0,1,0
zfcmqkktjbyd,0,0,0.0,1,17.5643,0.0,0.0,50.0,1,1,0.0,0.0,0,75.0,0,1,0
zhangchunmei,0,0,0.0,1,0.0106,0.0,250.0,25.0,1,1,108.0,0.0,0,0.0,0,1,0
zhanglanying,0,0,0.0,1,0.0211,0.0,200.0,25.0,1,1,90.0,0.0,0,0.0,0,1,0
zhangshuzhen,0,0,0.0,1,0.0211,0.0,250.0,25.0,1,1,108.0,0.0,0,0.0,0,1,0
zhangxiufang,0,0,0.0,1,0.0211,0.0,250.0,25.0,1,1,108.0,0.0,0,0.0,0,1,0
zhangxiuzhen,0,0,0.0,1,0.2091,0.0,250.0,25.0,1,1,108.0,0.0,0,0.0,0,1,0
zhengzhoushi,0,0,0.0,1,0.0211,0.0,250.0,25.0,1,1,108.0,0.0,0,0.0,0,1,0
zheshangbank,0,0,0.0,1,0.0,0.0,200.0,50.0768,1,1,126.0,0.0,0,0.0,0,1,0
zhiaiyigeren,0,0,0.0,1,0.1913,0.0,250.0,25.0,1,1,108.0,0.0,0,0.0,0,1,0
zhibopingtai,0,0,0.0,1,0.0211,0.0,250.0,25.0,1,1,108.0,0.0,0,0.0,0,1,0
zhifupingtai,0,0,0.0,1,0.0211,0.0,200.0,25.0,1,1,108.0,0.0,0,0.0,0,1,0
zhihuibaobao,0,0,0.0,1,0.0106,0.0,250.0,25.0,1,1,108.0,0.0,0,0.0,0,1,0
zhishangshui,0,0,0.0,1,0.0211,0.0,250.0,25.0,1,1,90.0,0.0,0,0.0,0,1,0
zhongchoubao,0,0,0.0,1,0.0106,0.0,250.0,25.0,1,1,108.0,0.0,0,0.0,0,1,0
zhongjiefuwu,0,0,0.0,1,0.0211,0.0,200.0,25.0,1,1,108.0,0.0,0,0.0,0,1,0
zhwxrxjaqvlv,0,0,0.0,1,15.977,0.0,0.0,50.0,1,1,0.0,0.0,0,50.0,0,1,0
zichanjiaoyi,0,0,0.0,1,0.0211,0.0,250.0,25.0,1,1,108.0,0.0,0,0.0,0,1,0
zidongjiashi,0,0,0.0,1,0.0106,0.0,250.0,25.0,1,1,108.0,0.0,0,0.0,0,1,0
ziphfdeqeuch,0,0,0.0,1,31.4917,0.0,0.0,50.0,1,1,0.0,0.0,0,50.0,0,1,0
znznjeodwfwa,0,0,0.0,1,17.6036,0.0,0.0,50.0,1,1,0.0,0.0,0,50.0,0,1,0
zongzhiniubi,0,0,0.0,1,0.0,0.0,250.0,25.0,1,1,108.0,0.0,0,0.0,0,1,0
zsfegsfegiwh,0,0,0.0,1,14.5791,0.0,0.0,50.0,1,1,0.0,0.0,0,75.0,0,1,0
zuqiujingcai,0,0,0.0,1,0.0211,0.0,200.0,25.0,1,1,108.0,0.0,0,0.0,0,1,0
zxcvzxcvzxcv,0,0,0.0,1,1.0199,0.0,370.0,0.0,0,1,90.0,0.0,0,0.0,0,1,0
zyxsvncdavcs,0,0,0.0,1,16.0021,0.0,0.0,500.0,1,1,0.0,0.0,0,50.0,0,1,0
zzzziiiipppp,0,0,0.0,1,0.0401,0.0,450.0,0.0,0,1,54.0,0.0,0,0.0,0,1,0
